timestamp,price,signal,cash,shares,equity
2026-01-07 09:30:00-05:00,262.43499755859375,HOLD,10000.0,0.0,10000.0
2026-01-07 09:45:00-05:00,261.4100036621094,HOLD,10000.0,0.0,10000.0
2026-01-07 10:00:00-05:00,262.0398864746094,HOLD,10000.0,0.0,10000.0
2026-01-07 10:15:00-05:00,262.0299987792969,HOLD,10000.0,0.0,10000.0
2026-01-07 10:30:00-05:00,261.6199951171875,HOLD,10000.0,0.0,10000.0
2026-01-07 10:45:00-05:00,261.9898986816406,HOLD,10000.0,0.0,10000.0
2026-01-07 11:00:00-05:00,261.6400146484375,HOLD,10000.0,0.0,10000.0
2026-01-07 11:15:00-05:00,261.0837097167969,HOLD,10000.0,0.0,10000.0
2026-01-07 11:30:00-05:00,262.0000915527344,HOLD,10000.0,0.0,10000.0
2026-01-07 11:45:00-05:00,262.17999267578125,HOLD,10000.0,0.0,10000.0
2026-01-07 12:00:00-05:00,262.3399963378906,HOLD,10000.0,0.0,10000.0
2026-01-07 12:15:00-05:00,262.3599853515625,HOLD,10000.0,0.0,10000.0
2026-01-07 12:30:00-05:00,262.3599853515625,HOLD,10000.0,0.0,10000.0
2026-01-07 12:45:00-05:00,262.31500244140625,HOLD,10000.0,0.0,10000.0
2026-01-07 13:00:00-05:00,261.69000244140625,HOLD,10000.0,0.0,10000.0
2026-01-07 13:15:00-05:00,261.2200012207031,HOLD,10000.0,0.0,10000.0
2026-01-07 13:30:00-05:00,261.8500061035156,HOLD,10000.0,0.0,10000.0
2026-01-07 13:45:00-05:00,262.010009765625,HOLD,10000.0,0.0,10000.0
2026-01-07 14:00:00-05:00,261.7650146484375,HOLD,10000.0,0.0,10000.0
2026-01-07 14:15:00-05:00,261.5899963378906,HOLD,10000.0,0.0,10000.0
2026-01-07 14:30:00-05:00,262.32501220703125,HOLD,10000.0,0.0,10000.0
2026-01-07 14:45:00-05:00,261.8399963378906,HOLD,10000.0,0.0,10000.0
2026-01-07 15:00:00-05:00,261.49798583984375,HOLD,10000.0,0.0,10000.0
2026-01-07 15:15:00-05:00,261.3299865722656,HOLD,10000.0,0.0,10000.0
2026-01-07 15:30:00-05:00,260.68499755859375,HOLD,10000.0,0.0,10000.0
2026-01-07 15:45:00-05:00,260.3599853515625,HOLD,10000.0,0.0,10000.0
2026-01-08 09:30:00-05:00,256.1000061035156,HOLD,10000.0,0.0,10000.0
2026-01-08 09:45:00-05:00,256.2900085449219,HOLD,10000.0,0.0,10000.0
2026-01-08 10:00:00-05:00,256.92999267578125,HOLD,10000.0,0.0,10000.0
2026-01-08 10:15:00-05:00,256.7449951171875,HOLD,10000.0,0.0,10000.0
2026-01-08 10:30:00-05:00,256.739990234375,HOLD,10000.0,0.0,10000.0
2026-01-08 10:45:00-05:00,256.69000244140625,HOLD,10000.0,0.0,10000.0
2026-01-08 11:00:00-05:00,256.1400146484375,HOLD,10000.0,0.0,10000.0
2026-01-08 11:15:00-05:00,256.1099853515625,HOLD,10000.0,0.0,10000.0
2026-01-08 11:30:00-05:00,257.8900146484375,HOLD,10000.0,0.0,10000.0
2026-01-08 11:45:00-05:00,257.69500732421875,HOLD,10000.0,0.0,10000.0
2026-01-08 12:00:00-05:00,257.2749938964844,HOLD,10000.0,0.0,10000.0
2026-01-08 12:15:00-05:00,256.7090148925781,HOLD,10000.0,0.0,10000.0
2026-01-08 12:30:00-05:00,257.159912109375,HOLD,10000.0,0.0,10000.0
2026-01-08 12:45:00-05:00,257.3900146484375,HOLD,10000.0,0.0,10000.0
2026-01-08 13:00:00-05:00,256.70001220703125,HOLD,10000.0,0.0,10000.0
2026-01-08 13:15:00-05:00,257.4800109863281,HOLD,10000.0,0.0,10000.0
2026-01-08 13:30:00-05:00,257.3299865722656,HOLD,10000.0,0.0,10000.0
2026-01-08 13:45:00-05:00,256.93499755859375,HOLD,10000.0,0.0,10000.0
2026-01-08 14:00:00-05:00,256.69000244140625,HOLD,10000.0,0.0,10000.0
2026-01-08 14:15:00-05:00,256.6000061035156,HOLD,10000.0,0.0,10000.0
2026-01-08 14:30:00-05:00,257.0199890136719,HOLD,10000.0,0.0,10000.0
2026-01-08 14:45:00-05:00,257.2300109863281,HOLD,10000.0,0.0,10000.0
2026-01-08 15:00:00-05:00,257.4200134277344,HOLD,10000.0,0.0,10000.0
2026-01-08 15:15:00-05:00,258.2799987792969,HOLD,10000.0,0.0,10000.0
2026-01-08 15:30:00-05:00,258.3100891113281,HOLD,10000.0,0.0,10000.0
2026-01-08 15:45:00-05:00,259.05999755859375,HOLD,10000.0,0.0,10000.0
2026-01-09 09:30:00-05:00,258.2900085449219,HOLD,10000.0,0.0,10000.0
2026-01-09 09:45:00-05:00,256.93499755859375,HOLD,10000.0,0.0,10000.0
2026-01-09 10:00:00-05:00,258.2900085449219,HOLD,10000.0,0.0,10000.0
2026-01-09 10:15:00-05:00,258.4599914550781,BUY,173.60958486938398,38.0,9995.089260162353
2026-01-09 10:30:00-05:00,257.8305969238281,HOLD,173.60958486938398,38.0,9971.172267974853
2026-01-09 10:45:00-05:00,257.7699890136719,HOLD,173.60958486938398,38.0,9968.869167388915
2026-01-09 11:00:00-05:00,258.19000244140625,HOLD,173.60958486938398,38.0,9984.829677642821
2026-01-09 11:15:00-05:00,256.9599914550781,HOLD,173.60958486938398,38.0,9938.089260162353
2026-01-09 11:30:00-05:00,256.93499755859375,HOLD,173.60958486938398,38.0,9937.139492095946
2026-01-09 11:45:00-05:00,257.67999267578125,HOLD,173.60958486938398,38.0,9965.449306549071
2026-01-09 12:00:00-05:00,258.5799865722656,HOLD,173.60958486938398,38.0,9999.649074615478
2026-01-09 12:15:00-05:00,258.92999267578125,HOLD,173.60958486938398,38.0,10012.949306549071
2026-01-09 12:30:00-05:00,258.6400146484375,HOLD,173.60958486938398,38.0,10001.930141510009
2026-01-09 12:45:00-05:00,258.7607116699219,HOLD,173.60958486938398,38.0,10006.516628326415
2026-01-09 13:00:00-05:00,258.2900085449219,HOLD,173.60958486938398,38.0,9988.629909576415
2026-01-09 13:15:00-05:00,259.1199951171875,SELL,10015.246119415282,0.0,10015.246119415282
2026-01-09 13:30:00-05:00,259.19000244140625,HOLD,10015.246119415282,0.0,10015.246119415282
2026-01-09 13:45:00-05:00,259.4800109863281,HOLD,10015.246119415282,0.0,10015.246119415282
2026-01-09 14:00:00-05:00,259.4800109863281,HOLD,10015.246119415282,0.0,10015.246119415282
2026-01-09 14:15:00-05:00,259.7300109863281,HOLD,10015.246119415282,0.0,10015.246119415282
2026-01-09 14:30:00-05:00,259.82000732421875,HOLD,10015.246119415282,0.0,10015.246119415282
2026-01-09 14:45:00-05:00,259.9700927734375,HOLD,10015.246119415282,0.0,10015.246119415282
2026-01-09 15:00:00-05:00,259.9800109863281,HOLD,10015.246119415282,0.0,10015.246119415282
2026-01-09 15:15:00-05:00,259.9649963378906,HOLD,10015.246119415282,0.0,10015.246119415282
2026-01-09 15:30:00-05:00,259.7770080566406,HOLD,10015.246119415282,0.0,10015.246119415282
2026-01-09 15:45:00-05:00,259.3500061035156,HOLD,10015.246119415282,0.0,10015.246119415282
2026-01-12 09:30:00-05:00,257.54998779296875,HOLD,10015.246119415282,0.0,10015.246119415282
2026-01-12 09:45:00-05:00,258.3299865722656,BUY,193.79835992431435,38.0,10010.337849670408
2026-01-12 10:00:00-05:00,259.6300048828125,HOLD,193.79835992431435,38.0,10059.73854547119
2026-01-12 10:15:00-05:00,260.3500061035156,HOLD,193.79835992431435,38.0,10087.098591857908
2026-01-12 10:30:00-05:00,259.69000244140625,HOLD,193.79835992431435,38.0,10062.018452697752
2026-01-12 10:45:00-05:00,259.3900146484375,HOLD,193.79835992431435,38.0,10050.61891656494
2026-01-12 11:00:00-05:00,260.31500244140625,HOLD,193.79835992431435,38.0,10085.768452697752
2026-01-12 11:15:00-05:00,260.2300109863281,HOLD,193.79835992431435,38.0,10082.538777404783
2026-01-12 11:30:00-05:00,259.760009765625,HOLD,193.79835992431435,38.0,10064.678731018064
2026-01-12 11:45:00-05:00,261.0,HOLD,193.79835992431435,38.0,10111.798359924314
2026-01-12 12:00:00-05:00,260.5849914550781,HOLD,193.79835992431435,38.0,10096.028035217283
2026-01-12 12:15:00-05:00,260.60931396484375,HOLD,193.79835992431435,38.0,10096.952290588377
2026-01-12 12:30:00-05:00,260.5299987792969,HOLD,193.79835992431435,38.0,10093.938313537596
2026-01-12 12:45:00-05:00,260.67498779296875,HOLD,193.79835992431435,38.0,10099.447896057127
2026-01-12 13:00:00-05:00,260.75,HOLD,193.79835992431435,38.0,10102.298359924314
2026-01-12 13:15:00-05:00,260.8900146484375,HOLD,193.79835992431435,38.0,10107.61891656494
2026-01-12 13:30:00-05:00,260.67999267578125,HOLD,193.79835992431435,38.0,10099.638081604002
2026-01-12 13:45:00-05:00,260.4100036621094,HOLD,193.79835992431435,38.0,10089.37849908447
2026-01-12 14:00:00-05:00,260.260009765625,HOLD,193.79835992431435,38.0,10083.678731018064
2026-01-12 14:15:00-05:00,260.6400146484375,HOLD,193.79835992431435,38.0,10098.11891656494
2026-01-12 14:30:00-05:00,260.55999755859375,HOLD,193.79835992431435,38.0,10095.078267150877
2026-01-12 14:45:00-05:00,261.1300048828125,HOLD,193.79835992431435,38.0,10116.73854547119
2026-01-12 15:00:00-05:00,261.0400085449219,HOLD,193.79835992431435,38.0,10113.318684631346
2026-01-12 15:15:00-05:00,260.9700012207031,HOLD,193.79835992431435,38.0,10110.658406311033
2026-01-12 15:30:00-05:00,260.9377136230469,HOLD,193.79835992431435,38.0,10109.431477600096
2026-01-12 15:45:00-05:00,260.2099914550781,SELL,10076.834045379637,0.0,10076.834045379637
2026-01-13 09:30:00-05:00,260.2149963378906,HOLD,10076.834045379637,0.0,10076.834045379637
2026-01-13 09:45:00-05:00,259.9100036621094,HOLD,10076.834045379637,0.0,10076.834045379637
2026-01-13 10:00:00-05:00,260.0299987792969,HOLD,10076.834045379637,0.0,10076.834045379637
2026-01-13 10:15:00-05:00,260.090087890625,HOLD,10076.834045379637,0.0,10076.834045379637
2026-01-13 10:30:00-05:00,259.8299865722656,HOLD,10076.834045379637,0.0,10076.834045379637
2026-01-13 10:45:00-05:00,259.92999267578125,HOLD,10076.834045379637,0.0,10076.834045379637
2026-01-13 11:00:00-05:00,260.0,HOLD,10076.834045379637,0.0,10076.834045379637
2026-01-13 11:15:00-05:00,259.9100036621094,HOLD,10076.834045379637,0.0,10076.834045379637
2026-01-13 11:30:00-05:00,260.82000732421875,HOLD,10076.834045379637,0.0,10076.834045379637
2026-01-13 11:45:00-05:00,260.8999938964844,HOLD,10076.834045379637,0.0,10076.834045379637
2026-01-13 12:00:00-05:00,260.739990234375,HOLD,10076.834045379637,0.0,10076.834045379637
2026-01-13 12:15:00-05:00,260.8399963378906,HOLD,10076.834045379637,0.0,10076.834045379637
2026-01-13 12:30:00-05:00,261.1300048828125,HOLD,10076.834045379637,0.0,10076.834045379637
2026-01-13 12:45:00-05:00,260.5199890136719,HOLD,10076.834045379637,0.0,10076.834045379637
2026-01-13 13:00:00-05:00,260.8500061035156,HOLD,10076.834045379637,0.0,10076.834045379637
2026-01-13 13:15:00-05:00,259.989990234375,HOLD,10076.834045379637,0.0,10076.834045379637
2026-01-13 13:30:00-05:00,260.1807861328125,HOLD,10076.834045379637,0.0,10076.834045379637
2026-01-13 13:45:00-05:00,259.9599914550781,HOLD,10076.834045379637,0.0,10076.834045379637
2026-01-13 14:00:00-05:00,259.25,HOLD,10076.834045379637,0.0,10076.834045379637
2026-01-13 14:15:00-05:00,259.739990234375,HOLD,10076.834045379637,0.0,10076.834045379637
2026-01-13 14:30:00-05:00,259.5199890136719,HOLD,10076.834045379637,0.0,10076.834045379637
2026-01-13 14:45:00-05:00,259.4599914550781,HOLD,10076.834045379637,0.0,10076.834045379637
2026-01-13 15:00:00-05:00,258.9599914550781,HOLD,10076.834045379637,0.0,10076.834045379637
2026-01-13 15:15:00-05:00,259.0199890136719,HOLD,10076.834045379637,0.0,10076.834045379637
2026-01-13 15:30:00-05:00,259.44000244140625,HOLD,10076.834045379637,0.0,10076.834045379637
2026-01-13 15:45:00-05:00,261.04998779296875,HOLD,10076.834045379637,0.0,10076.834045379637
2026-01-14 09:30:00-05:00,259.95001220703125,HOLD,10076.834045379637,0.0,10076.834045379637
2026-01-14 09:45:00-05:00,259.1000061035156,HOLD,10076.834045379637,0.0,10076.834045379637
2026-01-14 10:00:00-05:00,260.3500061035156,HOLD,10076.834045379637,0.0,10076.834045379637
2026-01-14 10:15:00-05:00,259.75,HOLD,10076.834045379637,0.0,10076.834045379637
2026-01-14 10:30:00-05:00,259.4849853515625,HOLD,10076.834045379637,0.0,10076.834045379637
2026-01-14 10:45:00-05:00,258.0710144042969,HOLD,10076.834045379637,0.0,10076.834045379637
2026-01-14 11:00:00-05:00,258.0899963378906,HOLD,10076.834045379637,0.0,10076.834045379637
2026-01-14 11:15:00-05:00,258.739990234375,HOLD,10076.834045379637,0.0,10076.834045379637
2026-01-14 11:30:00-05:00,257.8804931640625,HOLD,10076.834045379637,0.0,10076.834045379637
2026-01-14 11:45:00-05:00,257.7200012207031,HOLD,10076.834045379637,0.0,10076.834045379637
2026-01-14 12:00:00-05:00,257.489990234375,HOLD,10076.834045379637,0.0,10076.834045379637
2026-01-14 12:15:00-05:00,257.3800048828125,HOLD,10076.834045379637,0.0,10076.834045379637
2026-01-14 12:30:00-05:00,257.2300109863281,HOLD,10076.834045379637,0.0,10076.834045379637
2026-01-14 12:45:00-05:00,257.260009765625,HOLD,10076.834045379637,0.0,10076.834045379637
2026-01-14 13:00:00-05:00,257.17999267578125,HOLD,10076.834045379637,0.0,10076.834045379637
2026-01-14 13:15:00-05:00,257.5299987792969,HOLD,10076.834045379637,0.0,10076.834045379637
2026-01-14 13:30:00-05:00,257.8599853515625,HOLD,10076.834045379637,0.0,10076.834045379637
2026-01-14 13:45:00-05:00,258.0,HOLD,10076.834045379637,0.0,10076.834045379637
2026-01-14 14:00:00-05:00,257.6199951171875,HOLD,10076.834045379637,0.0,10076.834045379637
2026-01-14 14:15:00-05:00,257.79998779296875,HOLD,10076.834045379637,0.0,10076.834045379637
2026-01-14 14:30:00-05:00,258.32000732421875,HOLD,10076.834045379637,0.0,10076.834045379637
2026-01-14 14:45:00-05:00,258.260009765625,HOLD,10076.834045379637,0.0,10076.834045379637
2026-01-14 15:00:00-05:00,259.42010498046875,HOLD,10076.834045379637,0.0,10076.834045379637
2026-01-14 15:15:00-05:00,259.9700012207031,HOLD,10076.834045379637,0.0,10076.834045379637
2026-01-14 15:30:00-05:00,260.0799865722656,HOLD,10076.834045379637,0.0,10076.834045379637
2026-01-14 15:45:00-05:00,259.95001220703125,HOLD,10076.834045379637,0.0,10076.834045379637
2026-01-15 09:30:00-05:00,260.69000244140625,HOLD,10076.834045379637,0.0,10076.834045379637
2026-01-15 09:45:00-05:00,260.17999267578125,HOLD,10076.834045379637,0.0,10076.834045379637
2026-01-15 10:00:00-05:00,260.239990234375,BUY,182.76985665893335,38.0,10071.889485565183
2026-01-15 10:15:00-05:00,260.10009765625,HOLD,182.76985665893335,38.0,10066.573567596433
2026-01-15 10:30:00-05:00,259.9549865722656,HOLD,182.76985665893335,38.0,10061.059346405027
2026-01-15 10:45:00-05:00,259.92999267578125,HOLD,182.76985665893335,38.0,10060.10957833862
2026-01-15 11:00:00-05:00,259.8800048828125,HOLD,182.76985665893335,38.0,10058.210042205808
2026-01-15 11:15:00-05:00,260.4949951171875,HOLD,182.76985665893335,38.0,10081.579671112058
2026-01-15 11:30:00-05:00,260.5400085449219,HOLD,182.76985665893335,38.0,10083.290181365965
2026-01-15 11:45:00-05:00,259.9849853515625,HOLD,182.76985665893335,38.0,10062.199300018308
2026-01-15 12:00:00-05:00,260.0199890136719,HOLD,182.76985665893335,38.0,10063.529439178465
2026-01-15 12:15:00-05:00,259.3299865722656,HOLD,182.76985665893335,38.0,10037.309346405027
2026-01-15 12:30:00-05:00,258.9901123046875,HOLD,182.76985665893335,38.0,10024.394124237058
2026-01-15 12:45:00-05:00,258.94000244140625,HOLD,182.76985665893335,38.0,10022.48994943237
2026-01-15 13:00:00-05:00,259.1600036621094,HOLD,182.76985665893335,38.0,10030.84999581909
2026-01-15 13:15:00-05:00,259.5299987792969,HOLD,182.76985665893335,38.0,10044.909810272215
2026-01-15 13:30:00-05:00,259.6600036621094,SELL,10044.91645574951,0.0,10044.91645574951
2026-01-15 13:45:00-05:00,259.2300109863281,HOLD,10044.91645574951,0.0,10044.91645574951
2026-01-15 14:00:00-05:00,258.6400146484375,HOLD,10044.91645574951,0.0,10044.91645574951
2026-01-15 14:15:00-05:00,258.32000732421875,HOLD,10044.91645574951,0.0,10044.91645574951
2026-01-15 14:30:00-05:00,257.69989013671875,HOLD,10044.91645574951,0.0,10044.91645574951
2026-01-15 14:45:00-05:00,257.6099853515625,HOLD,10044.91645574951,0.0,10044.91645574951
2026-01-15 15:00:00-05:00,257.4092102050781,HOLD,10044.91645574951,0.0,10044.91645574951
2026-01-15 15:15:00-05:00,257.6700134277344,HOLD,10044.91645574951,0.0,10044.91645574951
2026-01-15 15:30:00-05:00,257.4512023925781,HOLD,10044.91645574951,0.0,10044.91645574951
2026-01-15 15:45:00-05:00,258.3299865722656,HOLD,10044.91645574951,0.0,10044.91645574951
2026-01-16 09:30:00-05:00,257.55999755859375,HOLD,10044.91645574951,0.0,10044.91645574951
2026-01-16 09:45:00-05:00,256.8500061035156,HOLD,10044.91645574951,0.0,10044.91645574951
2026-01-16 10:00:00-05:00,256.8800048828125,HOLD,10044.91645574951,0.0,10044.91645574951
2026-01-16 10:15:00-05:00,256.80999755859375,HOLD,10044.91645574951,0.0,10044.91645574951
2026-01-16 10:30:00-05:00,256.3599853515625,HOLD,10044.91645574951,0.0,10044.91645574951
2026-01-16 10:45:00-05:00,256.5799865722656,HOLD,10044.91645574951,0.0,10044.91645574951
2026-01-16 11:00:00-05:00,256.7294006347656,HOLD,10044.91645574951,0.0,10044.91645574951
2026-01-16 11:15:00-05:00,256.4399108886719,HOLD,10044.91645574951,0.0,10044.91645574951
2026-01-16 11:30:00-05:00,256.54998779296875,HOLD,10044.91645574951,0.0,10044.91645574951
2026-01-16 11:45:00-05:00,256.1669921875,HOLD,10044.91645574951,0.0,10044.91645574951
2026-01-16 12:00:00-05:00,256.2799987792969,HOLD,10044.91645574951,0.0,10044.91645574951
2026-01-16 12:15:00-05:00,255.8300018310547,HOLD,10044.91645574951,0.0,10044.91645574951
2026-01-16 12:30:00-05:00,255.39990234375,HOLD,10044.91645574951,0.0,10044.91645574951
2026-01-16 12:45:00-05:00,255.1699981689453,HOLD,10044.91645574951,0.0,10044.91645574951
2026-01-16 13:00:00-05:00,255.48049926757812,HOLD,10044.91645574951,0.0,10044.91645574951
2026-01-16 13:15:00-05:00,256.0299987792969,HOLD,10044.91645574951,0.0,10044.91645574951
2026-01-16 13:30:00-05:00,256.7099914550781,HOLD,10044.91645574951,0.0,10044.91645574951
2026-01-16 13:45:00-05:00,256.54998779296875,HOLD,10044.91645574951,0.0,10044.91645574951
2026-01-16 14:00:00-05:00,256.2699890136719,HOLD,10044.91645574951,0.0,10044.91645574951
2026-01-16 14:15:00-05:00,256.0,HOLD,10044.91645574951,0.0,10044.91645574951
2026-01-16 14:30:00-05:00,256.55999755859375,HOLD,10044.91645574951,0.0,10044.91645574951
2026-01-16 14:45:00-05:00,256.5899963378906,HOLD,10044.91645574951,0.0,10044.91645574951
2026-01-16 15:00:00-05:00,256.1549987792969,HOLD,10044.91645574951,0.0,10044.91645574951
2026-01-16 15:15:00-05:00,256.17999267578125,HOLD,10044.91645574951,0.0,10044.91645574951
2026-01-16 15:30:00-05:00,255.6499938964844,HOLD,10044.91645574951,0.0,10044.91645574951
2026-01-16 15:45:00-05:00,255.47999572753903,HOLD,10044.91645574951,0.0,10044.91645574951
2026-01-20 09:30:00-05:00,253.07000732421875,HOLD,10044.91645574951,0.0,10044.91645574951
2026-01-20 09:45:00-05:00,252.5800018310547,HOLD,10044.91645574951,0.0,10044.91645574951
2026-01-20 10:00:00-05:00,251.13999938964844,HOLD,10044.91645574951,0.0,10044.91645574951
2026-01-20 10:15:00-05:00,251.61570739746097,HOLD,10044.91645574951,0.0,10044.91645574951
2026-01-20 10:30:00-05:00,251.5399932861328,HOLD,10044.91645574951,0.0,10044.91645574951
2026-01-20 10:45:00-05:00,251.5500030517578,HOLD,10044.91645574951,0.0,10044.91645574951
2026-01-20 11:00:00-05:00,251.67999267578125,HOLD,10044.91645574951,0.0,10044.91645574951
2026-01-20 11:15:00-05:00,251.30499267578125,HOLD,10044.91645574951,0.0,10044.91645574951
2026-01-20 11:30:00-05:00,250.8502960205078,HOLD,10044.91645574951,0.0,10044.91645574951
2026-01-20 11:45:00-05:00,251.1999969482422,HOLD,10044.91645574951,0.0,10044.91645574951
2026-01-20 12:00:00-05:00,250.7599945068359,HOLD,10044.91645574951,0.0,10044.91645574951
2026-01-20 12:15:00-05:00,250.55999755859375,HOLD,10044.91645574951,0.0,10044.91645574951
2026-01-20 12:30:00-05:00,250.3302001953125,HOLD,10044.91645574951,0.0,10044.91645574951
2026-01-20 12:45:00-05:00,250.27000427246097,HOLD,10044.91645574951,0.0,10044.91645574951
2026-01-20 13:00:00-05:00,249.7100067138672,HOLD,10044.91645574951,0.0,10044.91645574951
2026-01-20 13:15:00-05:00,249.19500732421875,HOLD,10044.91645574951,0.0,10044.91645574951
2026-01-20 13:30:00-05:00,248.6199951171875,HOLD,10044.91645574951,0.0,10044.91645574951
2026-01-20 13:45:00-05:00,248.52999877929688,HOLD,10044.91645574951,0.0,10044.91645574951
2026-01-20 14:00:00-05:00,248.1300048828125,HOLD,10044.91645574951,0.0,10044.91645574951
2026-01-20 14:15:00-05:00,247.45249938964844,HOLD,10044.91645574951,0.0,10044.91645574951
2026-01-20 14:30:00-05:00,247.7030029296875,HOLD,10044.91645574951,0.0,10044.91645574951
2026-01-20 14:45:00-05:00,246.9550018310547,HOLD,10044.91645574951,0.0,10044.91645574951
2026-01-20 15:00:00-05:00,246.7400054931641,HOLD,10044.91645574951,0.0,10044.91645574951
2026-01-20 15:15:00-05:00,245.4600067138672,HOLD,10044.91645574951,0.0,10044.91645574951
2026-01-20 15:30:00-05:00,244.4900054931641,HOLD,10044.91645574951,0.0,10044.91645574951
2026-01-20 15:45:00-05:00,246.69000244140625,HOLD,10044.91645574951,0.0,10044.91645574951
2026-01-21 09:30:00-05:00,246.77000427246097,HOLD,10044.91645574951,0.0,10044.91645574951
2026-01-21 09:45:00-05:00,246.8999938964844,HOLD,10044.91645574951,0.0,10044.91645574951
2026-01-21 10:00:00-05:00,246.91000366210935,HOLD,10044.91645574951,0.0,10044.91645574951
2026-01-21 10:15:00-05:00,247.57000732421875,HOLD,10044.91645574951,0.0,10044.91645574951
2026-01-21 10:30:00-05:00,248.47999572753903,HOLD,10044.91645574951,0.0,10044.91645574951
2026-01-21 10:45:00-05:00,248.14500427246097,HOLD,10044.91645574951,0.0,10044.91645574951
2026-01-21 11:00:00-05:00,247.26109313964844,HOLD,10044.91645574951,0.0,10044.91645574951
2026-01-21 11:15:00-05:00,247.3000030517578,HOLD,10044.91645574951,0.0,10044.91645574951
2026-01-21 11:30:00-05:00,245.9949951171875,HOLD,10044.91645574951,0.0,10044.91645574951
2026-01-21 11:45:00-05:00,245.77999877929688,HOLD,10044.91645574951,0.0,10044.91645574951
2026-01-21 12:00:00-05:00,245.2899932861328,HOLD,10044.91645574951,0.0,10044.91645574951
2026-01-21 12:15:00-05:00,245.8300018310547,HOLD,10044.91645574951,0.0,10044.91645574951
2026-01-21 12:30:00-05:00,245.9501037597656,HOLD,10044.91645574951,0.0,10044.91645574951
2026-01-21 12:45:00-05:00,246.2200927734375,HOLD,10044.91645574951,0.0,10044.91645574951
2026-01-21 13:00:00-05:00,246.1999969482422,HOLD,10044.91645574951,0.0,10044.91645574951
2026-01-21 13:15:00-05:00,245.8800048828125,HOLD,10044.91645574951,0.0,10044.91645574951
2026-01-21 13:30:00-05:00,245.86000061035156,HOLD,10044.91645574951,0.0,10044.91645574951
2026-01-21 13:45:00-05:00,246.125,HOLD,10044.91645574951,0.0,10044.91645574951
2026-01-21 14:00:00-05:00,245.89500427246097,HOLD,10044.91645574951,0.0,10044.91645574951
2026-01-21 14:15:00-05:00,247.1103057861328,HOLD,10044.91645574951,0.0,10044.91645574951
2026-01-21 14:30:00-05:00,249.139892578125,HOLD,10044.91645574951,0.0,10044.91645574951
2026-01-21 14:45:00-05:00,250.7100067138672,HOLD,10044.91645574951,0.0,10044.91645574951
2026-01-21 15:00:00-05:00,250.3500061035156,HOLD,10044.91645574951,0.0,10044.91645574951
2026-01-21 15:15:00-05:00,248.38279724121097,BUY,104.63691015624681,40.0,10039.948799804686
2026-01-21 15:30:00-05:00,248.16000366210935,HOLD,104.63691015624681,40.0,10031.03705664062
2026-01-21 15:45:00-05:00,247.6300048828125,HOLD,104.63691015624681,40.0,10009.837105468747
2026-01-22 09:30:00-05:00,249.72999572753903,HOLD,104.63691015624681,40.0,10093.836739257807
2026-01-22 09:45:00-05:00,249.85499572753903,HOLD,104.63691015624681,40.0,10098.836739257807
2026-01-22 10:00:00-05:00,249.86000061035156,HOLD,104.63691015624681,40.0,10099.03693457031
2026-01-22 10:15:00-05:00,250.1300048828125,HOLD,104.63691015624681,40.0,10109.837105468747
2026-01-22 10:30:00-05:00,249.72999572753903,HOLD,104.63691015624681,40.0,10093.836739257807
2026-01-22 10:45:00-05:00,249.08920288085935,HOLD,104.63691015624681,40.0,10068.20502539062
2026-01-22 11:00:00-05:00,249.52000427246097,HOLD,104.63691015624681,40.0,10085.437081054686
2026-01-22 11:15:00-05:00,249.6999053955078,HOLD,104.63691015624681,40.0,10092.63312597656
2026-01-22 11:30:00-05:00,249.67999267578125,HOLD,104.63691015624681,40.0,10091.836617187497
2026-01-22 11:45:00-05:00,249.58999633789065,HOLD,104.63691015624681,40.0,10088.236763671874
2026-01-22 12:00:00-05:00,249.66000366210935,HOLD,104.63691015624681,40.0,10091.03705664062
2026-01-22 12:15:00-05:00,249.7400054931641,HOLD,104.63691015624681,40.0,10094.237129882811
2026-01-22 12:30:00-05:00,250.27000427246097,HOLD,104.63691015624681,40.0,10115.437081054686
2026-01-22 12:45:00-05:00,250.1499938964844,HOLD,104.63691015624681,40.0,10110.636666015624
2026-01-22 13:00:00-05:00,250.0070037841797,HOLD,104.63691015624681,40.0,10104.917061523434
2026-01-22 13:15:00-05:00,250.67999267578125,HOLD,104.63691015624681,40.0,10131.836617187497
2026-01-22 13:30:00-05:00,250.1999969482422,HOLD,104.63691015624681,40.0,10112.636788085934
2026-01-22 13:45:00-05:00,250.22000122070312,HOLD,104.63691015624681,40.0,10113.436958984372
2026-01-22 14:00:00-05:00,250.84500122070312,HOLD,104.63691015624681,40.0,10138.436958984372
2026-01-22 14:15:00-05:00,250.52000427246097,HOLD,104.63691015624681,40.0,10125.437081054686
2026-01-22 14:30:00-05:00,249.52999877929688,HOLD,104.63691015624681,40.0,10085.836861328122
2026-01-22 14:45:00-05:00,248.8800048828125,HOLD,104.63691015624681,40.0,10059.837105468747
2026-01-22 15:00:00-05:00,249.05999755859375,SELL,10062.055612548826,0.0,10062.055612548826
2026-01-22 15:15:00-05:00,248.3699951171875,HOLD,10062.055612548826,0.0,10062.055612548826
2026-01-22 15:30:00-05:00,248.6300048828125,HOLD,10062.055612548826,0.0,10062.055612548826
2026-01-22 15:45:00-05:00,248.36000061035156,HOLD,10062.055612548826,0.0,10062.055612548826
2026-01-23 09:30:00-05:00,245.83009338378903,HOLD,10062.055612548826,0.0,10062.055612548826
2026-01-23 09:45:00-05:00,245.88999938964844,HOLD,10062.055612548826,0.0,10062.055612548826
2026-01-23 10:00:00-05:00,245.9499969482422,HOLD,10062.055612548826,0.0,10062.055612548826
2026-01-23 10:15:00-05:00,247.01010131835935,HOLD,10062.055612548826,0.0,10062.055612548826
2026-01-23 10:30:00-05:00,248.0399932861328,HOLD,10062.055612548826,0.0,10062.055612548826
2026-01-23 10:45:00-05:00,248.97999572753903,HOLD,10062.055612548826,0.0,10062.055612548826
2026-01-23 11:00:00-05:00,248.8300018310547,HOLD,10062.055612548826,0.0,10062.055612548826
2026-01-23 11:15:00-05:00,248.3500061035156,HOLD,10062.055612548826,0.0,10062.055612548826
2026-01-23 11:30:00-05:00,248.30999755859375,HOLD,10062.055612548826,0.0,10062.055612548826
2026-01-23 11:45:00-05:00,248.2400054931641,HOLD,10062.055612548826,0.0,10062.055612548826
2026-01-23 12:00:00-05:00,248.0500030517578,HOLD,10062.055612548826,0.0,10062.055612548826
2026-01-23 12:15:00-05:00,248.73989868164065,HOLD,10062.055612548826,0.0,10062.055612548826
2026-01-23 12:30:00-05:00,248.0800018310547,HOLD,10062.055612548826,0.0,10062.055612548826
2026-01-23 12:45:00-05:00,247.7899932861328,HOLD,10062.055612548826,0.0,10062.055612548826
2026-01-23 13:00:00-05:00,247.69769287109375,HOLD,10062.055612548826,0.0,10062.055612548826
2026-01-23 13:15:00-05:00,247.92999267578125,HOLD,10062.055612548826,0.0,10062.055612548826
2026-01-23 13:30:00-05:00,247.38999938964844,HOLD,10062.055612548826,0.0,10062.055612548826
2026-01-23 13:45:00-05:00,247.52000427246097,HOLD,10062.055612548826,0.0,10062.055612548826
2026-01-23 14:00:00-05:00,247.77000427246097,HOLD,10062.055612548826,0.0,10062.055612548826
2026-01-23 14:15:00-05:00,247.4750061035156,HOLD,10062.055612548826,0.0,10062.055612548826
2026-01-23 14:30:00-05:00,248.1510009765625,HOLD,10062.055612548826,0.0,10062.055612548826
2026-01-23 14:45:00-05:00,248.1699981689453,HOLD,10062.055612548826,0.0,10062.055612548826
2026-01-23 15:00:00-05:00,248.1855010986328,HOLD,10062.055612548826,0.0,10062.055612548826
2026-01-23 15:15:00-05:00,248.19000244140625,HOLD,10062.055612548826,0.0,10062.055612548826
2026-01-23 15:30:00-05:00,248.7100067138672,HOLD,10062.055612548826,0.0,10062.055612548826
2026-01-23 15:45:00-05:00,247.97000122070312,HOLD,10062.055612548826,0.0,10062.055612548826
2026-01-26 09:30:00-05:00,252.7100067138672,HOLD,10062.055612548826,0.0,10062.055612548826
2026-01-26 09:45:00-05:00,252.7599945068359,BUY,199.48700688934332,39.0,10057.126792655943
2026-01-26 10:00:00-05:00,253.6820068359375,HOLD,199.48700688934332,39.0,10093.085273490906
2026-01-26 10:15:00-05:00,254.0399932861328,HOLD,199.48700688934332,39.0,10107.046745048523
2026-01-26 10:30:00-05:00,254.9510040283203,HOLD,199.48700688934332,39.0,10142.576163993836
2026-01-26 10:45:00-05:00,254.8000030517578,HOLD,199.48700688934332,39.0,10136.687125907898
2026-01-26 11:00:00-05:00,255.12010192871097,HOLD,199.48700688934332,39.0,10149.170982109072
2026-01-26 11:15:00-05:00,255.0998992919922,HOLD,199.48700688934332,39.0,10148.383079277039
2026-01-26 11:30:00-05:00,255.0,HOLD,199.48700688934332,39.0,10144.487006889343
2026-01-26 11:45:00-05:00,254.86000061035156,HOLD,199.48700688934332,39.0,10139.027030693054
2026-01-26 12:00:00-05:00,254.2899932861328,HOLD,199.48700688934332,39.0,10116.796745048523
2026-01-26 12:15:00-05:00,254.5,HOLD,199.48700688934332,39.0,10124.987006889343
2026-01-26 12:30:00-05:00,254.66000366210935,HOLD,199.48700688934332,39.0,10131.227149711607
2026-01-26 12:45:00-05:00,254.3300018310547,HOLD,199.48700688934332,39.0,10118.357078300476
2026-01-26 13:00:00-05:00,254.2400054931641,HOLD,199.48700688934332,39.0,10114.847221122744
2026-01-26 13:15:00-05:00,254.6499938964844,HOLD,199.48700688934332,39.0,10130.836768852236
2026-01-26 13:30:00-05:00,254.58999633789065,HOLD,199.48700688934332,39.0,10128.49686406708
2026-01-26 13:45:00-05:00,255.11000061035156,HOLD,199.48700688934332,39.0,10148.777030693054
2026-01-26 14:00:00-05:00,255.43499755859375,HOLD,199.48700688934332,39.0,10161.4519116745
2026-01-26 14:15:00-05:00,255.94000244140625,HOLD,199.48700688934332,39.0,10181.147102104187
2026-01-26 14:30:00-05:00,256.1300048828125,HOLD,199.48700688934332,39.0,10188.55719731903
2026-01-26 14:45:00-05:00,256.1000061035156,HOLD,199.48700688934332,39.0,10187.387244926453
2026-01-26 15:00:00-05:00,255.8000030517578,HOLD,199.48700688934332,39.0,10175.687125907898
2026-01-26 15:15:00-05:00,255.7250061035156,HOLD,199.48700688934332,39.0,10172.76224492645
2026-01-26 15:30:00-05:00,255.5050048828125,HOLD,199.48700688934332,39.0,10164.18219731903
2026-01-26 15:45:00-05:00,255.4199981689453,HOLD,199.48700688934332,39.0,10160.86693547821
2026-01-27 09:30:00-05:00,260.5899963378906,HOLD,199.48700688934332,39.0,10362.496864067078
2026-01-27 09:45:00-05:00,261.4649963378906,HOLD,199.48700688934332,39.0,10396.621864067078
2026-01-27 10:00:00-05:00,260.0299987792969,HOLD,199.48700688934332,39.0,10340.656959281921
2026-01-27 10:15:00-05:00,259.8450012207031,HOLD,199.48700688934332,39.0,10333.442054496765
2026-01-27 10:30:00-05:00,260.3800048828125,HOLD,199.48700688934332,39.0,10354.30719731903
2026-01-27 10:45:00-05:00,260.3399963378906,HOLD,199.48700688934332,39.0,10352.746864067078
2026-01-27 11:00:00-05:00,261.1499938964844,HOLD,199.48700688934332,39.0,10384.336768852234
2026-01-27 11:15:00-05:00,260.7200012207031,HOLD,199.48700688934332,39.0,10367.567054496765
2026-01-27 11:30:00-05:00,260.9068908691406,HOLD,199.48700688934332,39.0,10374.855750785828
2026-01-27 11:45:00-05:00,260.7799987792969,HOLD,199.48700688934332,39.0,10369.906959281921
2026-01-27 12:00:00-05:00,260.9100036621094,HOLD,199.48700688934332,39.0,10374.977149711609
2026-01-27 12:15:00-05:00,261.30999755859375,HOLD,199.48700688934332,39.0,10390.5769116745
2026-01-27 12:30:00-05:00,260.8500061035156,HOLD,199.48700688934332,39.0,10372.637244926453
2026-01-27 12:45:00-05:00,260.7099914550781,HOLD,199.48700688934332,39.0,10367.17667363739
2026-01-27 13:00:00-05:00,260.9801025390625,HOLD,199.48700688934332,39.0,10377.71100591278
2026-01-27 13:15:00-05:00,260.2550048828125,HOLD,199.48700688934332,39.0,10349.43219731903
2026-01-27 13:30:00-05:00,259.8500061035156,HOLD,199.48700688934332,39.0,10333.637244926453
2026-01-27 13:45:00-05:00,259.82000732421875,HOLD,199.48700688934332,39.0,10332.467292533875
2026-01-27 14:00:00-05:00,259.80999755859375,HOLD,199.48700688934332,39.0,10332.0769116745
2026-01-27 14:15:00-05:00,259.875,HOLD,199.48700688934332,39.0,10334.612006889343
2026-01-27 14:30:00-05:00,259.6050109863281,HOLD,199.48700688934332,39.0,10324.08243535614
2026-01-27 14:45:00-05:00,259.739990234375,HOLD,199.48700688934332,39.0,10329.346626029968
2026-01-27 15:00:00-05:00,259.6199951171875,HOLD,199.48700688934332,39.0,10324.666816459656
2026-01-27 15:15:00-05:00,259.3800048828125,SELL,10310.249287223816,0.0,10310.249287223816
2026-01-27 15:30:00-05:00,259.3399963378906,HOLD,10310.249287223816,0.0,10310.249287223816
2026-01-27 15:45:00-05:00,258.2699890136719,HOLD,10310.249287223816,0.0,10310.249287223816
2026-01-28 09:30:00-05:00,256.6300048828125,HOLD,10310.249287223816,0.0,10310.249287223816
2026-01-28 09:45:00-05:00,256.1449890136719,HOLD,10310.249287223816,0.0,10310.249287223816
2026-01-28 10:00:00-05:00,256.4599914550781,HOLD,10310.249287223816,0.0,10310.249287223816
2026-01-28 10:15:00-05:00,256.0899963378906,HOLD,10310.249287223816,0.0,10310.249287223816
2026-01-28 10:30:00-05:00,256.0209045410156,HOLD,10310.249287223816,0.0,10310.249287223816
2026-01-28 10:45:00-05:00,255.83999633789065,HOLD,10310.249287223816,0.0,10310.249287223816
2026-01-28 11:00:00-05:00,255.9062042236328,HOLD,10310.249287223816,0.0,10310.249287223816
2026-01-28 11:15:00-05:00,255.4900054931641,HOLD,10310.249287223816,0.0,10310.249287223816
2026-01-28 11:30:00-05:00,254.88999938964844,HOLD,10310.249287223816,0.0,10310.249287223816
2026-01-28 11:45:00-05:00,255.33999633789065,HOLD,10310.249287223816,0.0,10310.249287223816
2026-01-28 12:00:00-05:00,255.25,HOLD,10310.249287223816,0.0,10310.249287223816
2026-01-28 12:15:00-05:00,254.82000732421875,HOLD,10310.249287223816,0.0,10310.249287223816
2026-01-28 12:30:00-05:00,255.02999877929688,HOLD,10310.249287223816,0.0,10310.249287223816
2026-01-28 12:45:00-05:00,254.8300018310547,HOLD,10310.249287223816,0.0,10310.249287223816
2026-01-28 13:00:00-05:00,254.9550018310547,HOLD,10310.249287223816,0.0,10310.249287223816
2026-01-28 13:15:00-05:00,255.2550048828125,HOLD,10310.249287223816,0.0,10310.249287223816
2026-01-28 13:30:00-05:00,255.31500244140625,HOLD,10310.249287223816,0.0,10310.249287223816
2026-01-28 13:45:00-05:00,255.656494140625,HOLD,10310.249287223816,0.0,10310.249287223816
2026-01-28 14:00:00-05:00,255.0099945068359,HOLD,10310.249287223816,0.0,10310.249287223816
2026-01-28 14:15:00-05:00,255.11000061035156,HOLD,10310.249287223816,0.0,10310.249287223816
2026-01-28 14:30:00-05:00,255.63999938964844,HOLD,10310.249287223816,0.0,10310.249287223816
2026-01-28 14:45:00-05:00,256.2900085449219,HOLD,10310.249287223816,0.0,10310.249287223816
2026-01-28 15:00:00-05:00,256.20001220703125,HOLD,10310.249287223816,0.0,10310.249287223816
2026-01-28 15:15:00-05:00,256.4750061035156,HOLD,10310.249287223816,0.0,10310.249287223816
2026-01-28 15:30:00-05:00,256.5299987792969,HOLD,10310.249287223816,0.0,10310.249287223816
2026-01-28 15:45:00-05:00,256.44000244140625,HOLD,10310.249287223816,0.0,10310.249287223816
2026-01-29 09:30:00-05:00,256.2200012207031,HOLD,10310.249287223816,0.0,10310.249287223816
2026-01-29 09:45:00-05:00,256.79998779296875,HOLD,10310.249287223816,0.0,10310.249287223816
2026-01-29 10:00:00-05:00,256.3299865722656,HOLD,10310.249287223816,0.0,10310.249287223816
2026-01-29 10:15:00-05:00,256.8999938964844,BUY,29.111531486511012,40.0,10305.111287345886
2026-01-29 10:30:00-05:00,255.13999938964844,HOLD,29.111531486511012,40.0,10234.711507072449
2026-01-29 10:45:00-05:00,255.4550018310547,HOLD,29.111531486511012,40.0,10247.311604728699
2026-01-29 11:00:00-05:00,255.86000061035156,HOLD,29.111531486511012,40.0,10263.511555900574
2026-01-29 11:15:00-05:00,256.1700134277344,HOLD,29.111531486511012,40.0,10275.912068595886
2026-01-29 11:30:00-05:00,255.5901031494141,HOLD,29.111531486511012,40.0,10252.715657463075
2026-01-29 11:45:00-05:00,255.38999938964844,HOLD,29.111531486511012,40.0,10244.711507072449
2026-01-29 12:00:00-05:00,256.54998779296875,HOLD,29.111531486511012,40.0,10291.111043205261
2026-01-29 12:15:00-05:00,257.2200012207031,HOLD,29.111531486511012,40.0,10317.911580314636
2026-01-29 12:30:00-05:00,257.05999755859375,HOLD,29.111531486511012,40.0,10311.511433830261
2026-01-29 12:45:00-05:00,256.93499755859375,HOLD,29.111531486511012,40.0,10306.511433830261
2026-01-29 13:00:00-05:00,256.95001220703125,HOLD,29.111531486511012,40.0,10307.112019767761
2026-01-29 13:15:00-05:00,257.3800048828125,SELL,10319.164126701355,0.0,10319.164126701355
2026-01-29 13:30:00-05:00,257.6200866699219,HOLD,10319.164126701355,0.0,10319.164126701355
2026-01-29 13:45:00-05:00,257.3299865722656,HOLD,10319.164126701355,0.0,10319.164126701355
2026-01-29 14:00:00-05:00,257.80999755859375,HOLD,10319.164126701355,0.0,10319.164126701355
2026-01-29 14:15:00-05:00,258.1449890136719,HOLD,10319.164126701355,0.0,10319.164126701355
2026-01-29 14:30:00-05:00,258.0299987792969,HOLD,10319.164126701355,0.0,10319.164126701355
2026-01-29 14:45:00-05:00,257.9200134277344,HOLD,10319.164126701355,0.0,10319.164126701355
2026-01-29 15:00:00-05:00,258.19000244140625,HOLD,10319.164126701355,0.0,10319.164126701355
2026-01-29 15:15:00-05:00,258.2950134277344,HOLD,10319.164126701355,0.0,10319.164126701355
2026-01-29 15:30:00-05:00,258.44000244140625,HOLD,10319.164126701355,0.0,10319.164126701355
2026-01-29 15:45:00-05:00,258.17498779296875,HOLD,10319.164126701355,0.0,10319.164126701355
2026-01-30 09:30:00-05:00,253.5399932861328,HOLD,10319.164126701355,0.0,10319.164126701355
2026-01-30 09:45:00-05:00,256.2900085449219,BUY,62.43798473358038,40.0,10314.038326530455
2026-01-30 10:00:00-05:00,258.2699890136719,HOLD,62.43798473358038,40.0,10393.237545280455
2026-01-30 10:15:00-05:00,254.0,HOLD,62.43798473358038,40.0,10222.43798473358
2026-01-30 10:30:00-05:00,255.60499572753903,HOLD,62.43798473358038,40.0,10286.637813835141
2026-01-30 10:45:00-05:00,254.94000244140625,HOLD,62.43798473358038,40.0,10260.03808238983
2026-01-30 11:00:00-05:00,255.5,HOLD,62.43798473358038,40.0,10282.43798473358
2026-01-30 11:15:00-05:00,256.6875,HOLD,62.43798473358038,40.0,10329.93798473358
2026-01-30 11:30:00-05:00,256.80999755859375,HOLD,62.43798473358038,40.0,10334.83788707733
2026-01-30 11:45:00-05:00,256.1050109863281,HOLD,62.43798473358038,40.0,10306.638424186705
2026-01-30 12:00:00-05:00,254.5249938964844,HOLD,62.43798473358038,40.0,10243.437740592957
2026-01-30 12:15:00-05:00,255.2100067138672,HOLD,62.43798473358038,40.0,10270.838253288268
2026-01-30 12:30:00-05:00,254.7100067138672,HOLD,62.43798473358038,40.0,10250.838253288268
2026-01-30 12:45:00-05:00,254.85499572753903,SELL,10251.54071392059,0.0,10251.54071392059
2026-01-30 13:00:00-05:00,255.4600067138672,HOLD,10251.54071392059,0.0,10251.54071392059
2026-01-30 13:15:00-05:00,256.05499267578125,HOLD,10251.54071392059,0.0,10251.54071392059
2026-01-30 13:30:00-05:00,256.1466979980469,HOLD,10251.54071392059,0.0,10251.54071392059
2026-01-30 13:45:00-05:00,257.3500061035156,HOLD,10251.54071392059,0.0,10251.54071392059
2026-01-30 14:00:00-05:00,257.7900085449219,HOLD,10251.54071392059,0.0,10251.54071392059
2026-01-30 14:15:00-05:00,257.5849914550781,HOLD,10251.54071392059,0.0,10251.54071392059
2026-01-30 14:30:00-05:00,258.0950012207031,HOLD,10251.54071392059,0.0,10251.54071392059
2026-01-30 14:45:00-05:00,258.2699890136719,HOLD,10251.54071392059,0.0,10251.54071392059
2026-01-30 15:00:00-05:00,258.6499938964844,HOLD,10251.54071392059,0.0,10251.54071392059
2026-01-30 15:15:00-05:00,259.9100036621094,HOLD,10251.54071392059,0.0,10251.54071392059
2026-01-30 15:30:00-05:00,260.989990234375,HOLD,10251.54071392059,0.0,10251.54071392059
2026-01-30 15:45:00-05:00,259.4800109863281,BUY,126.7604252395613,39.0,10246.480853706358
2026-02-02 09:30:00-05:00,261.15789794921875,HOLD,126.7604252395613,39.0,10311.918445259093
2026-02-02 09:45:00-05:00,263.32501220703125,HOLD,126.7604252395613,39.0,10396.43590131378
2026-02-02 10:00:00-05:00,264.6549987792969,HOLD,126.7604252395613,39.0,10448.30537763214
2026-02-02 10:15:00-05:00,265.0400085449219,HOLD,126.7604252395613,39.0,10463.320758491514
2026-02-02 10:30:00-05:00,263.95001220703125,HOLD,126.7604252395613,39.0,10420.81090131378
2026-02-02 10:45:00-05:00,262.739990234375,HOLD,126.7604252395613,39.0,10373.620044380186
2026-02-02 11:00:00-05:00,263.2550048828125,HOLD,126.7604252395613,39.0,10393.705615669249
2026-02-02 11:15:00-05:00,264.29180908203125,HOLD,126.7604252395613,39.0,10434.14097943878
2026-02-02 11:30:00-05:00,264.69500732421875,HOLD,126.7604252395613,39.0,10449.865710884093
2026-02-02 11:45:00-05:00,264.4649963378906,HOLD,126.7604252395613,39.0,10440.895282417296
2026-02-02 12:00:00-05:00,264.364990234375,HOLD,126.7604252395613,39.0,10436.995044380186
2026-02-02 12:15:00-05:00,264.17999267578125,HOLD,126.7604252395613,39.0,10429.78013959503
2026-02-02 12:30:00-05:00,263.92999267578125,HOLD,126.7604252395613,39.0,10420.03013959503
2026-02-02 12:45:00-05:00,264.1737976074219,HOLD,126.7604252395613,39.0,10429.538531929014
2026-02-02 13:00:00-05:00,264.7900085449219,HOLD,126.7604252395613,39.0,10453.570758491514
2026-02-02 13:15:00-05:00,265.1300048828125,HOLD,126.7604252395613,39.0,10466.830615669249
2026-02-02 13:30:00-05:00,265.4100036621094,HOLD,126.7604252395613,39.0,10477.750568061827
2026-02-02 13:45:00-05:00,266.7049865722656,HOLD,126.7604252395613,39.0,10528.25490155792
2026-02-02 14:00:00-05:00,267.1199951171875,HOLD,126.7604252395613,39.0,10544.440234809874
2026-02-02 14:15:00-05:00,267.17999267578125,HOLD,126.7604252395613,39.0,10546.78013959503
2026-02-02 14:30:00-05:00,267.2850036621094,HOLD,126.7604252395613,39.0,10550.875568061827
2026-02-02 14:45:00-05:00,268.0,HOLD,126.7604252395613,39.0,10578.760425239561
2026-02-02 15:00:00-05:00,268.54998779296875,HOLD,126.7604252395613,39.0,10600.209949165343
2026-02-02 15:15:00-05:00,268.9800109863281,HOLD,126.7604252395613,39.0,10616.980853706358
2026-02-02 15:30:00-05:00,269.45001220703125,HOLD,126.7604252395613,39.0,10635.31090131378
2026-02-02 15:45:00-05:00,269.9599914550781,HOLD,126.7604252395613,39.0,10655.200091987608
2026-02-03 09:30:00-05:00,268.2099914550781,HOLD,126.7604252395613,39.0,10586.950091987608
2026-02-03 09:45:00-05:00,270.3606872558594,HOLD,126.7604252395613,39.0,10670.827228218077
2026-02-03 10:00:00-05:00,268.95001220703125,HOLD,126.7604252395613,39.0,10615.81090131378
2026-02-03 10:15:00-05:00,269.885009765625,HOLD,126.7604252395613,39.0,10652.275806098936
2026-02-03 10:30:00-05:00,268.4200134277344,HOLD,126.7604252395613,39.0,10595.140948921202
2026-02-03 10:45:00-05:00,271.07000732421875,HOLD,126.7604252395613,39.0,10698.490710884093
2026-02-03 11:00:00-05:00,270.0849914550781,HOLD,126.7604252395613,39.0,10660.075091987608
2026-02-03 11:15:00-05:00,268.8949890136719,HOLD,126.7604252395613,39.0,10613.664996772764
2026-02-03 11:30:00-05:00,269.7349853515625,HOLD,126.7604252395613,39.0,10646.424853950499
2026-02-03 11:45:00-05:00,268.9599914550781,HOLD,126.7604252395613,39.0,10616.200091987608
2026-02-03 12:00:00-05:00,268.9200134277344,HOLD,126.7604252395613,39.0,10614.640948921202
2026-02-03 12:15:00-05:00,268.8999938964844,HOLD,126.7604252395613,39.0,10613.860187202452
2026-02-03 12:30:00-05:00,269.44000244140625,HOLD,126.7604252395613,39.0,10634.920520454405
2026-02-03 12:45:00-05:00,269.6300048828125,HOLD,126.7604252395613,39.0,10642.330615669249
2026-02-03 13:00:00-05:00,269.385009765625,HOLD,126.7604252395613,39.0,10632.775806098936
2026-02-03 13:15:00-05:00,269.3399963378906,HOLD,126.7604252395613,39.0,10631.020282417296
2026-02-03 13:30:00-05:00,269.5249938964844,HOLD,126.7604252395613,39.0,10638.235187202452
2026-02-03 13:45:00-05:00,270.25,HOLD,126.7604252395613,39.0,10666.510425239561
2026-02-03 14:00:00-05:00,270.8399963378906,HOLD,126.7604252395613,39.0,10689.520282417296
2026-02-03 14:15:00-05:00,271.4800109863281,HOLD,126.7604252395613,39.0,10714.480853706358
2026-02-03 14:30:00-05:00,270.95001220703125,HOLD,126.7604252395613,39.0,10693.81090131378
2026-02-03 14:45:00-05:00,270.0,HOLD,126.7604252395613,39.0,10656.760425239561
2026-02-03 15:00:00-05:00,269.8299865722656,HOLD,126.7604252395613,39.0,10650.12990155792
2026-02-03 15:15:00-05:00,269.2099914550781,HOLD,126.7604252395613,39.0,10625.950091987608
2026-02-03 15:30:00-05:00,269.4100036621094,SELL,10628.497072990416,0.0,10628.497072990416
2026-02-03 15:45:00-05:00,269.4599914550781,HOLD,10628.497072990416,0.0,10628.497072990416
2026-02-04 09:30:00-05:00,276.5799865722656,HOLD,10628.497072990416,0.0,10628.497072990416
2026-02-04 09:45:00-05:00,277.4700012207031,HOLD,10628.497072990416,0.0,10628.497072990416
2026-02-04 10:00:00-05:00,274.8999938964844,HOLD,10628.497072990416,0.0,10628.497072990416
2026-02-04 10:15:00-05:00,276.1000061035156,HOLD,10628.497072990416,0.0,10628.497072990416
2026-02-04 10:30:00-05:00,275.82000732421875,HOLD,10628.497072990416,0.0,10628.497072990416
2026-02-04 10:45:00-05:00,277.1099853515625,HOLD,10628.497072990416,0.0,10628.497072990416
2026-02-04 11:00:00-05:00,276.6499938964844,HOLD,10628.497072990416,0.0,10628.497072990416
2026-02-04 11:15:00-05:00,277.21380615234375,HOLD,10628.497072990416,0.0,10628.497072990416
2026-02-04 11:30:00-05:00,275.5199890136719,HOLD,10628.497072990416,0.0,10628.497072990416
2026-02-04 11:45:00-05:00,274.9649963378906,HOLD,10628.497072990416,0.0,10628.497072990416
2026-02-04 12:00:00-05:00,276.489990234375,BUY,116.62413426971398,38.0,10623.243763175964
2026-02-04 12:15:00-05:00,275.25,HOLD,116.62413426971398,38.0,10576.124134269714
2026-02-04 12:30:00-05:00,274.8500061035156,HOLD,116.62413426971398,38.0,10560.924366203308
2026-02-04 12:45:00-05:00,274.0849914550781,HOLD,116.62413426971398,38.0,10531.853809562683
2026-02-04 13:00:00-05:00,275.1000061035156,HOLD,116.62413426971398,38.0,10570.424366203308
2026-02-04 13:15:00-05:00,275.6000061035156,HOLD,116.62413426971398,38.0,10589.424366203308
2026-02-04 13:30:00-05:00,275.260009765625,HOLD,116.62413426971398,38.0,10576.504505363464
2026-02-04 13:45:00-05:00,275.389892578125,HOLD,116.62413426971398,38.0,10581.440052238464
2026-02-04 14:00:00-05:00,275.15728759765625,HOLD,116.62413426971398,38.0,10572.601062980651
2026-02-04 14:15:00-05:00,274.9100036621094,HOLD,116.62413426971398,38.0,10563.20427342987
2026-02-04 14:30:00-05:00,275.3450012207031,HOLD,116.62413426971398,38.0,10579.734180656433
2026-02-04 14:45:00-05:00,275.1449890136719,HOLD,116.62413426971398,38.0,10572.133716789245
2026-02-04 15:00:00-05:00,275.68499755859375,HOLD,116.62413426971398,38.0,10592.654041496276
2026-02-04 15:15:00-05:00,277.6099853515625,HOLD,116.62413426971398,38.0,10665.803577629089
2026-02-04 15:30:00-05:00,276.92999267578125,HOLD,116.62413426971398,38.0,10639.963855949401
2026-02-04 15:45:00-05:00,276.4599914550781,HOLD,116.62413426971398,38.0,10622.103809562683
2026-02-05 09:30:00-05:00,273.6600036621094,SELL,10510.50473336029,0.0,10510.50473336029
2026-02-05 09:45:00-05:00,274.364990234375,HOLD,10510.50473336029,0.0,10510.50473336029
2026-02-05 10:00:00-05:00,274.5299987792969,HOLD,10510.50473336029,0.0,10510.50473336029
2026-02-05 10:15:00-05:00,276.7850036621094,HOLD,10510.50473336029,0.0,10510.50473336029
2026-02-05 10:30:00-05:00,275.9800109863281,HOLD,10510.50473336029,0.0,10510.50473336029
2026-02-05 10:45:00-05:00,274.45001220703125,HOLD,10510.50473336029,0.0,10510.50473336029
2026-02-05 11:00:00-05:00,273.3399963378906,HOLD,10510.50473336029,0.0,10510.50473336029
2026-02-05 11:15:00-05:00,275.2200012207031,HOLD,10510.50473336029,0.0,10510.50473336029
2026-02-05 11:30:00-05:00,274.6650085449219,HOLD,10510.50473336029,0.0,10510.50473336029
2026-02-05 11:45:00-05:00,275.239990234375,HOLD,10510.50473336029,0.0,10510.50473336029
2026-02-05 12:00:00-05:00,274.07000732421875,HOLD,10510.50473336029,0.0,10510.50473336029
2026-02-05 12:15:00-05:00,274.739990234375,HOLD,10510.50473336029,0.0,10510.50473336029
2026-02-05 12:30:00-05:00,274.44000244140625,HOLD,10510.50473336029,0.0,10510.50473336029
2026-02-05 12:45:00-05:00,274.5950012207031,HOLD,10510.50473336029,0.0,10510.50473336029
2026-02-05 13:00:00-05:00,274.05999755859375,HOLD,10510.50473336029,0.0,10510.50473336029
2026-02-05 13:15:00-05:00,274.32000732421875,HOLD,10510.50473336029,0.0,10510.50473336029
2026-02-05 13:30:00-05:00,274.5799865722656,HOLD,10510.50473336029,0.0,10510.50473336029
2026-02-05 13:45:00-05:00,274.9800109863281,HOLD,10510.50473336029,0.0,10510.50473336029
2026-02-05 14:00:00-05:00,276.67999267578125,HOLD,10510.50473336029,0.0,10510.50473336029
2026-02-05 14:15:00-05:00,277.0450134277344,HOLD,10510.50473336029,0.0,10510.50473336029
2026-02-05 14:30:00-05:00,276.4200134277344,HOLD,10510.50473336029,0.0,10510.50473336029
2026-02-05 14:45:00-05:00,276.7099914550781,HOLD,10510.50473336029,0.0,10510.50473336029
2026-02-05 15:00:00-05:00,276.5801086425781,HOLD,10510.50473336029,0.0,10510.50473336029
2026-02-05 15:15:00-05:00,276.6300048828125,HOLD,10510.50473336029,0.0,10510.50473336029
2026-02-05 15:30:00-05:00,275.45001220703125,BUY,38.170719261170234,38.0,10505.271183128358
2026-02-05 15:45:00-05:00,275.9200134277344,HOLD,38.170719261170234,38.0,10523.131229515076
2026-02-06 09:30:00-05:00,279.1700134277344,HOLD,38.170719261170234,38.0,10646.631229515076
2026-02-06 09:45:00-05:00,280.5249938964844,HOLD,38.170719261170234,38.0,10698.120487327576
2026-02-06 10:00:00-05:00,279.1400146484375,HOLD,38.170719261170234,38.0,10645.491275901795
2026-02-06 10:15:00-05:00,279.2900085449219,HOLD,38.170719261170234,38.0,10651.191043968201
2026-02-06 10:30:00-05:00,279.510009765625,HOLD,38.170719261170234,38.0,10659.55109035492
2026-02-06 10:45:00-05:00,278.81500244140625,HOLD,38.170719261170234,38.0,10633.140812034608
2026-02-06 11:00:00-05:00,278.9949951171875,HOLD,38.170719261170234,38.0,10639.980533714295
2026-02-06 11:15:00-05:00,279.114990234375,HOLD,38.170719261170234,38.0,10644.54034816742
2026-02-06 11:30:00-05:00,279.3399963378906,HOLD,38.170719261170234,38.0,10653.090580101014
2026-02-06 11:45:00-05:00,279.0849914550781,HOLD,38.170719261170234,38.0,10643.400394554139
2026-02-06 12:00:00-05:00,279.090087890625,HOLD,38.170719261170234,38.0,10643.59405910492
2026-02-06 12:15:00-05:00,278.67999267578125,HOLD,38.170719261170234,38.0,10628.010440940858
2026-02-06 12:30:00-05:00,278.3299865722656,HOLD,38.170719261170234,38.0,10614.710209007264
2026-02-06 12:45:00-05:00,278.2950134277344,HOLD,38.170719261170234,38.0,10613.381229515076
2026-02-06 13:00:00-05:00,278.3399963378906,HOLD,38.170719261170234,38.0,10615.090580101014
2026-02-06 13:15:00-05:00,277.7749938964844,HOLD,38.170719261170234,38.0,10593.620487327576
2026-02-06 13:30:00-05:00,277.6235046386719,HOLD,38.170719261170234,38.0,10587.863895530701
2026-02-06 13:45:00-05:00,277.4800109863281,HOLD,38.170719261170234,38.0,10582.411136741639
2026-02-06 14:00:00-05:00,277.44000244140625,SELL,10575.619451988221,0.0,10575.619451988221
2026-02-06 14:15:00-05:00,277.1300048828125,HOLD,10575.619451988221,0.0,10575.619451988221
2026-02-06 14:30:00-05:00,277.2300109863281,HOLD,10575.619451988221,0.0,10575.619451988221
2026-02-06 14:45:00-05:00,278.5799865722656,HOLD,10575.619451988221,0.0,10575.619451988221
2026-02-06 15:00:00-05:00,277.8500061035156,HOLD,10575.619451988221,0.0,10575.619451988221
2026-02-06 15:15:00-05:00,277.6600036621094,HOLD,10575.619451988221,0.0,10575.619451988221
2026-02-06 15:30:00-05:00,278.1000061035156,HOLD,10575.619451988221,0.0,10575.619451988221
2026-02-06 15:45:00-05:00,278.0799865722656,HOLD,10575.619451988221,0.0,10575.619451988221
