timestamp,symbol,price,sma_short,sma_long,band_ratio,position,signal
2026-01-07 09:30:00-05:00,AAPL,262.43499755859375,,,,0,HOLD
2026-01-07 09:45:00-05:00,AAPL,261.4100036621094,,,,0,HOLD
2026-01-07 10:00:00-05:00,AAPL,262.0398864746094,,,,0,HOLD
2026-01-07 10:15:00-05:00,AAPL,262.0299987792969,,,,0,HOLD
2026-01-07 10:30:00-05:00,AAPL,261.6199951171875,,,,0,HOLD
2026-01-07 10:45:00-05:00,AAPL,261.9898986816406,,,,0,HOLD
2026-01-07 11:00:00-05:00,AAPL,261.6400146484375,,,,0,HOLD
2026-01-07 11:15:00-05:00,AAPL,261.0837097167969,,,,0,HOLD
2026-01-07 11:30:00-05:00,AAPL,262.0000915527344,,,,0,HOLD
2026-01-07 11:45:00-05:00,AAPL,262.17999267578125,261.8428588867188,,,0,HOLD
2026-01-07 12:00:00-05:00,AAPL,262.3399963378906,261.83335876464844,,,0,HOLD
2026-01-07 12:15:00-05:00,AAPL,262.3599853515625,261.92835693359376,,,0,HOLD
2026-01-07 12:30:00-05:00,AAPL,262.3599853515625,261.9603668212891,,,0,HOLD
2026-01-07 12:45:00-05:00,AAPL,262.31500244140625,261.9888671875,,,0,HOLD
2026-01-07 13:00:00-05:00,AAPL,261.69000244140625,261.99586791992186,,,0,HOLD
2026-01-07 13:15:00-05:00,AAPL,261.2200012207031,261.91887817382815,,,0,HOLD
2026-01-07 13:30:00-05:00,AAPL,261.8500061035156,261.93987731933595,,,0,HOLD
2026-01-07 13:45:00-05:00,AAPL,262.010009765625,262.0325073242187,,,0,HOLD
2026-01-07 14:00:00-05:00,AAPL,261.7650146484375,262.0089996337891,,,0,HOLD
2026-01-07 14:15:00-05:00,AAPL,261.5899963378906,261.95,,,0,HOLD
2026-01-07 14:30:00-05:00,AAPL,262.32501220703125,261.94850158691406,,,0,HOLD
2026-01-07 14:45:00-05:00,AAPL,261.8399963378906,261.89650268554686,,,0,HOLD
2026-01-07 15:00:00-05:00,AAPL,261.49798583984375,261.810302734375,,,0,HOLD
2026-01-07 15:15:00-05:00,AAPL,261.3299865722656,261.71180114746096,,,0,HOLD
2026-01-07 15:30:00-05:00,AAPL,260.68499755859375,261.6113006591797,,,0,HOLD
2026-01-07 15:45:00-05:00,AAPL,260.3599853515625,261.5252990722656,,,0,HOLD
2026-01-08 09:30:00-05:00,AAPL,256.1000061035156,260.95029907226564,,,0,HOLD
2026-01-08 09:45:00-05:00,AAPL,256.2900085449219,260.3782989501953,,,0,HOLD
2026-01-08 10:00:00-05:00,AAPL,256.92999267578125,259.89479675292966,,,0,HOLD
2026-01-08 10:15:00-05:00,AAPL,256.7449951171875,259.41029663085936,261.0677185058594,-0.006348628181552873,0,HOLD
2026-01-08 10:30:00-05:00,AAPL,256.739990234375,258.85179443359374,260.8778849283854,-0.0077664325412169916,0,HOLD
2026-01-08 10:45:00-05:00,AAPL,256.69000244140625,258.3367950439453,260.720551554362,-0.009142955920448968,0,HOLD
2026-01-08 11:00:00-05:00,AAPL,256.1400146484375,257.8009979248047,260.5238891601563,-0.01045159906114294,0,HOLD
2026-01-08 11:15:00-05:00,AAPL,256.1099853515625,257.27899780273435,260.32655537923176,-0.011706671922339498,0,HOLD
2026-01-08 11:30:00-05:00,AAPL,257.8900146484375,256.99949951171874,260.2022226969401,-0.012308592724634847,0,HOLD
2026-01-08 11:45:00-05:00,AAPL,257.69500732421875,256.7330017089844,260.05905965169273,-0.012789625353421947,0,HOLD
2026-01-08 12:00:00-05:00,AAPL,257.2749938964844,256.8505004882812,259.91355895996094,-0.011784912199026781,0,HOLD
2026-01-08 12:15:00-05:00,AAPL,256.7090148925781,256.89240112304685,259.7677357991536,-0.011068867606906797,0,HOLD
2026-01-08 12:30:00-05:00,AAPL,257.159912109375,256.91539306640624,259.606396484375,-0.01036570536940039,0,HOLD
2026-01-08 12:45:00-05:00,AAPL,257.3900146484375,256.9798950195312,259.4467305501302,-0.00950806173339827,0,HOLD
2026-01-08 13:00:00-05:00,AAPL,256.70001220703125,256.97589721679685,259.25873107910155,-0.00880523426463964,0,HOLD
2026-01-08 13:15:00-05:00,AAPL,257.4800109863281,257.0548980712891,259.0960652669271,-0.007878032395185794,0,HOLD
2026-01-08 13:30:00-05:00,AAPL,257.3299865722656,257.17389526367185,258.92839864095055,-0.006776017565039749,0,HOLD
2026-01-08 13:45:00-05:00,AAPL,256.93499755859375,257.256396484375,258.7490651448568,-0.005768788612419331,0,HOLD
2026-01-08 14:00:00-05:00,AAPL,256.69000244140625,257.1363952636719,258.5823984781901,-0.005592040382594626,0,HOLD
2026-01-08 14:15:00-05:00,AAPL,256.6000061035156,257.0268951416016,258.42839864095055,-0.0054231791347983845,0,HOLD
2026-01-08 14:30:00-05:00,AAPL,257.0199890136719,257.0013946533203,258.26739807128905,-0.0049019095225457335,0,HOLD
2026-01-08 14:45:00-05:00,AAPL,257.2300109863281,257.0534942626953,258.1080647786458,-0.00408577127124991,0,HOLD
2026-01-08 15:00:00-05:00,AAPL,257.4200134277344,257.0795043945312,257.9632314046224,-0.0034257867110720117,0,HOLD
2026-01-08 15:15:00-05:00,AAPL,258.2799987792969,257.1685028076172,257.8528981526693,-0.002654208465195895,0,HOLD
2026-01-08 15:30:00-05:00,AAPL,258.3100891113281,257.3295104980469,257.7190673828125,-0.0015115563187530177,0,HOLD
2026-01-08 15:45:00-05:00,AAPL,259.05999755859375,257.4875091552734,257.62640075683595,-0.000539120218869295,0,HOLD
2026-01-09 09:30:00-05:00,AAPL,258.2900085449219,257.58351135253906,257.51946818033855,0.0002486925460550594,0,HOLD
2026-01-09 09:45:00-05:00,AAPL,256.93499755859375,257.58351135253906,257.3729685465495,0.000818045528163134,0,HOLD
2026-01-09 10:00:00-05:00,AAPL,258.2900085449219,257.74351196289064,257.2931355794271,0.0017504407276521252,0,HOLD
2026-01-09 10:15:00-05:00,AAPL,258.4599914550781,257.92951049804685,257.22980244954425,0.0027201671106513734,1,BUY
2026-01-09 10:30:00-05:00,AAPL,257.8305969238281,258.0105712890625,257.28748881022136,0.002810406686251677,1,HOLD
2026-01-09 10:45:00-05:00,AAPL,257.7699890136719,258.0645690917969,257.336821492513,0.0028279963786878677,1,HOLD
2026-01-09 11:00:00-05:00,AAPL,258.19000244140625,258.1415679931641,257.3788218180338,0.0029635156837787757,1,HOLD
2026-01-09 11:15:00-05:00,AAPL,256.9599914550781,258.0095672607422,257.3859883626302,0.002422738324175707,1,HOLD
2026-01-09 11:30:00-05:00,AAPL,256.93499755859375,257.87205810546874,257.3924886067708,0.0018631837366107878,1,HOLD
2026-01-09 11:45:00-05:00,AAPL,257.67999267578125,257.7340576171875,257.42548828125,0.0011986743736904174,1,HOLD
2026-01-09 12:00:00-05:00,AAPL,258.5799865722656,257.7630554199219,257.50682067871094,0.0009950600164127775,1,HOLD
2026-01-09 12:15:00-05:00,AAPL,258.92999267578125,257.9625549316406,257.60082092285154,0.001404242453471918,1,HOLD
2026-01-09 12:30:00-05:00,AAPL,258.6400146484375,257.9975555419922,257.6258209228516,0.0014429245399743698,1,HOLD
2026-01-09 12:45:00-05:00,AAPL,258.7607116699219,258.0276275634766,257.6613444010417,0.001421568156784911,1,HOLD
2026-01-09 13:00:00-05:00,AAPL,258.2900085449219,258.0735687255859,257.69517822265624,0.0014683646994851241,1,HOLD
2026-01-09 13:15:00-05:00,AAPL,259.1199951171875,258.2085693359375,257.7755442301432,0.0016798533277760405,0,SELL
2026-01-09 13:30:00-05:00,AAPL,259.19000244140625,258.3085693359375,257.8432139078776,0.0018047999829312088,0,HOLD
2026-01-09 13:45:00-05:00,AAPL,259.4800109863281,258.5605712890625,257.912880452474,0.0025112775889759753,0,HOLD
2026-01-09 14:00:00-05:00,AAPL,259.4800109863281,258.81507263183596,258.00554707845055,0.003137628483387856,0,HOLD
2026-01-09 14:15:00-05:00,AAPL,259.7300109863281,259.02007446289065,258.08054707845054,0.003640442470677641,0,HOLD
2026-01-09 14:30:00-05:00,AAPL,259.82000732421875,259.1440765380859,258.1635477701823,0.003798091467105644,0,HOLD
2026-01-09 14:45:00-05:00,AAPL,259.9700927734375,259.2480865478516,258.2647176106771,0.0038076007682042792,0,HOLD
2026-01-09 15:00:00-05:00,AAPL,259.9800109863281,259.3820861816406,258.3743845621745,0.00390016069578141,0,HOLD
2026-01-09 15:15:00-05:00,AAPL,259.9649963378906,259.5025146484375,258.48655090332034,0.00393043174419225,0,HOLD
2026-01-09 15:30:00-05:00,AAPL,259.7770080566406,259.6512145996094,258.5784515380859,0.004148694739033401,0,HOLD
2026-01-09 15:45:00-05:00,AAPL,259.3500061035156,259.67421569824216,258.6491180419922,0.003963275282011702,0,HOLD
2026-01-12 09:30:00-05:00,AAPL,257.54998779296875,259.5102142333984,258.65345052083336,0.003312400089153446,0,HOLD
2026-01-12 09:45:00-05:00,AAPL,258.3299865722656,259.3952117919922,258.655116780599,0.002861319816924454,1,BUY
2026-01-12 10:00:00-05:00,AAPL,259.6300048828125,259.41021118164065,258.69911397298176,0.0027487423429411154,1,HOLD
2026-01-12 10:15:00-05:00,AAPL,260.3500061035156,259.4722106933594,258.7421142578125,0.0028217147318330424,1,HOLD
2026-01-12 10:30:00-05:00,AAPL,259.69000244140625,259.45921020507814,258.7887807210287,0.002590643544057574,1,HOLD
2026-01-12 10:45:00-05:00,AAPL,259.3900146484375,259.4012023925781,258.87061462402346,0.0020496253285652542,1,HOLD
2026-01-12 11:00:00-05:00,AAPL,260.31500244140625,259.43470153808596,258.9381144205729,0.0019177830140003692,1,HOLD
2026-01-12 11:15:00-05:00,AAPL,260.2300109863281,259.46120300292966,258.9971150716146,0.001791865253737494,1,HOLD
2026-01-12 11:30:00-05:00,AAPL,259.760009765625,259.4595031738281,259.0614288330078,0.0015366021202519564,1,HOLD
2026-01-12 11:45:00-05:00,AAPL,261.0,259.62450256347654,259.1690958658854,0.0017571797905517985,1,HOLD
2026-01-12 12:00:00-05:00,AAPL,260.5849914550781,259.9280029296875,259.2489288330078,0.002619390173515882,1,HOLD
2026-01-12 12:15:00-05:00,AAPL,260.60931396484375,260.1559356689453,259.3705729166667,0.003027956269082789,1,HOLD
2026-01-12 12:30:00-05:00,AAPL,260.5299987792969,260.2459350585938,259.4904062906901,0.0029115865156776333,1,HOLD
2026-01-12 12:45:00-05:00,AAPL,260.67498779296875,260.27843322753904,259.590239461263,0.002651077204228666,1,HOLD
2026-01-12 13:00:00-05:00,AAPL,260.75,260.3844329833984,259.6625732421875,0.002779991479702659,1,HOLD
2026-01-12 13:15:00-05:00,AAPL,260.8900146484375,260.53443298339846,259.7279073079427,0.0031052715274816956,1,HOLD
2026-01-12 13:30:00-05:00,AAPL,260.67999267578125,260.57093200683596,259.79590657552086,0.002983208786970652,1,HOLD
2026-01-12 13:45:00-05:00,AAPL,260.4100036621094,260.58893127441405,259.8508829752604,0.002840276279622757,1,HOLD
2026-01-12 14:00:00-05:00,AAPL,260.260009765625,260.63893127441406,259.9165496826172,0.002779282783951124,1,HOLD
2026-01-12 14:15:00-05:00,AAPL,260.6400146484375,260.6029327392578,259.96721700032555,0.002445368867150201,1,HOLD
2026-01-12 14:30:00-05:00,AAPL,260.55999755859375,260.6004333496094,260.01288350423175,0.0022596951253304365,1,HOLD
2026-01-12 14:45:00-05:00,AAPL,261.1300048828125,260.6525024414062,260.06788330078126,0.0022479482403016493,1,HOLD
2026-01-12 15:00:00-05:00,AAPL,261.0400085449219,260.70350341796876,260.11988321940106,0.002243658544454442,1,HOLD
2026-01-12 15:15:00-05:00,AAPL,260.9700012207031,260.7330047607422,260.1612162272135,0.0021978238794412987,1,HOLD
2026-01-12 15:30:00-05:00,AAPL,260.9377136230469,260.75177612304685,260.19847310384114,0.002126465280927684,1,HOLD
2026-01-12 15:45:00-05:00,AAPL,260.2099914550781,260.68377380371095,260.2064697265625,0.0018343282457582027,0,SELL
2026-01-13 09:30:00-05:00,AAPL,260.2149963378906,260.63727416992185,260.2143025716146,0.0016254740578329075,0,HOLD
2026-01-13 09:45:00-05:00,AAPL,259.9100036621094,260.5872741699219,260.21246948242185,0.0014403794262648304,0,HOLD
2026-01-13 10:00:00-05:00,AAPL,260.0299987792969,260.56427307128905,260.2209025065104,0.0013195349084997026,0,HOLD
2026-01-13 10:15:00-05:00,AAPL,260.090087890625,260.5092803955078,260.2455718994141,0.001013306371244048,0,HOLD
2026-01-13 10:30:00-05:00,AAPL,259.8299865722656,260.436279296875,260.321571858724,0.00044063746746760826,0,HOLD
2026-01-13 10:45:00-05:00,AAPL,259.92999267578125,260.3162780761719,260.3749053955078,-0.00022516501445049632,0,HOLD
2026-01-13 11:00:00-05:00,AAPL,260.0,260.2122772216797,260.3872385660807,-0.0006719274929313598,0,HOLD
2026-01-13 11:15:00-05:00,AAPL,259.9100036621094,260.1062774658203,260.37257181803386,-0.0010227434877420726,0,HOLD
2026-01-13 11:30:00-05:00,AAPL,260.82000732421875,260.0945068359375,260.4102386474609,-0.001212440083628296,0,HOLD
2026-01-13 11:45:00-05:00,AAPL,260.8999938964844,260.16350708007815,260.4605712890625,-0.0011405342755493942,0,HOLD
2026-01-13 12:00:00-05:00,AAPL,260.739990234375,260.21600646972655,260.4747375488281,-0.000993305844306878,0,HOLD
2026-01-13 12:15:00-05:00,AAPL,260.8399963378906,260.3090057373047,260.4950703938802,-0.0007142732347840077,0,HOLD
2026-01-13 12:30:00-05:00,AAPL,261.1300048828125,260.41900634765625,260.5407368977865,-0.0004672227137285636,0,HOLD
2026-01-13 12:45:00-05:00,AAPL,260.5199890136719,260.4619964599609,260.5247365315755,-0.00024082193671845213,0,HOLD
2026-01-13 13:00:00-05:00,AAPL,260.8500061035156,260.5639984130859,260.5335703531901,0.00011679132118972697,0,HOLD
2026-01-13 13:15:00-05:00,AAPL,259.989990234375,260.5699981689453,260.51292622884114,0.00021907527173533828,0,HOLD
2026-01-13 13:30:00-05:00,AAPL,260.1807861328125,260.58807678222655,260.50128580729165,0.0003331690846205807,0,HOLD
2026-01-13 13:45:00-05:00,AAPL,259.9599914550781,260.59307556152345,260.4774525960286,0.00044388857593037146,0,HOLD
2026-01-13 14:00:00-05:00,AAPL,259.25,260.4360748291016,260.4274525960287,3.3108003733721423e-05,0,HOLD
2026-01-13 14:15:00-05:00,AAPL,259.739990234375,260.3200744628906,260.3891184488932,-0.0002651569559200419,0,HOLD
2026-01-13 14:30:00-05:00,AAPL,259.5199890136719,260.1980743408203,260.35045166015624,-0.0005852777222558044,0,HOLD
2026-01-13 14:45:00-05:00,AAPL,259.4599914550781,260.06007385253906,260.31878458658855,-0.0009938227641172514,0,HOLD
2026-01-13 15:00:00-05:00,AAPL,258.9599914550781,259.84307250976565,260.27545064290365,-0.0016612328672181308,0,HOLD
2026-01-13 15:15:00-05:00,AAPL,259.0199890136719,259.6930725097656,260.22144978841146,-0.0020304908725836284,0,HOLD
2026-01-13 15:30:00-05:00,AAPL,259.44000244140625,259.5520721435547,260.1841166178385,-0.0024292200557813858,0,HOLD
2026-01-13 15:45:00-05:00,AAPL,261.04998779296875,259.65807189941404,260.1814493815104,-0.002011586465293724,0,HOLD
2026-01-14 09:30:00-05:00,AAPL,259.95001220703125,259.63499450683594,260.1451161702474,-0.001960911936081088,0,HOLD
2026-01-14 09:45:00-05:00,AAPL,259.1000061035156,259.5489959716797,260.08278299967446,-0.0020523735629030264,0,HOLD
2026-01-14 10:00:00-05:00,AAPL,260.3500061035156,259.65899658203125,260.0631927490234,-0.0015542228899044484,0,HOLD
2026-01-14 10:15:00-05:00,AAPL,259.75,259.6599975585938,260.04785970052086,-0.0014915029194001487,0,HOLD
2026-01-14 10:30:00-05:00,AAPL,259.4849853515625,259.6564971923828,260.0235260009766,-0.0014115215428329908,0,HOLD
2026-01-14 10:45:00-05:00,AAPL,258.0710144042969,259.51759948730466,259.96222635904945,-0.0017103518383116438,0,HOLD
2026-01-14 11:00:00-05:00,AAPL,258.0899963378906,259.43059997558595,259.8975596110026,-0.0017967065028065019,0,HOLD
2026-01-14 11:15:00-05:00,AAPL,258.739990234375,259.40260009765626,259.85255635579426,-0.001731582957844427,0,HOLD
2026-01-14 11:30:00-05:00,AAPL,257.8804931640625,259.24664916992185,259.7875732421875,-0.0020821783948893795,0,HOLD
2026-01-14 11:45:00-05:00,AAPL,257.7200012207031,258.9136505126953,259.7139068603516,-0.003081299562778405,0,HOLD
2026-01-14 12:00:00-05:00,AAPL,257.489990234375,258.6676483154297,259.63023986816404,-0.0037075479082218634,0,HOLD
2026-01-14 12:15:00-05:00,AAPL,257.3800048828125,258.4956481933594,259.54590657552086,-0.004046522621060397,0,HOLD
2026-01-14 12:30:00-05:00,AAPL,257.2300109863281,258.18364868164065,259.4262400309245,-0.004789767408014342,0,HOLD
2026-01-14 12:45:00-05:00,AAPL,257.260009765625,257.9346496582031,259.3049072265625,-0.005284348773091781,0,HOLD
2026-01-14 13:00:00-05:00,AAPL,257.17999267578125,257.704150390625,259.186240641276,-0.005718244328804081,0,HOLD
2026-01-14 13:15:00-05:00,AAPL,257.5299987792969,257.650048828125,259.07590738932294,-0.005503632412469843,0,HOLD
2026-01-14 13:30:00-05:00,AAPL,257.8599853515625,257.6270477294922,258.96690673828124,-0.005173861887083353,0,HOLD
2026-01-14 13:45:00-05:00,AAPL,258.0,257.5530487060547,258.8829071044922,-0.005136910788400174,0,HOLD
2026-01-14 14:00:00-05:00,AAPL,257.6199951171875,257.52699890136716,258.7752400716146,-0.004823649936145233,0,HOLD
2026-01-14 14:15:00-05:00,AAPL,257.79998779296875,257.5349975585938,258.7022399902344,-0.0045119146694851345,0,HOLD
2026-01-14 14:30:00-05:00,AAPL,258.32000732421875,257.6179992675781,258.6402140299479,-0.0039522653745230705,0,HOLD
2026-01-14 14:45:00-05:00,AAPL,258.260009765625,257.70599975585935,258.5835479736328,-0.0033936738228331495,0,HOLD
2026-01-14 15:00:00-05:00,AAPL,259.42010498046875,257.9250091552734,258.58921813964844,-0.0025685873106137147,0,HOLD
2026-01-14 15:15:00-05:00,AAPL,259.9700012207031,258.1960083007813,258.596885172526,-0.0015501999240141373,0,HOLD
2026-01-14 15:30:00-05:00,AAPL,260.0799865722656,258.4860076904297,258.6155517578125,-0.0005009136786334447,0,HOLD
2026-01-14 15:45:00-05:00,AAPL,259.95001220703125,258.72800903320314,258.6318857828776,0.0003716604781138362,0,HOLD
2026-01-15 09:30:00-05:00,AAPL,260.69000244140625,259.0110107421875,258.68955281575523,0.001242639770076984,0,HOLD
2026-01-15 09:45:00-05:00,AAPL,260.17999267578125,259.2290100097656,258.7282196044922,0.0019355847848330223,0,HOLD
2026-01-15 10:00:00-05:00,AAPL,260.239990234375,259.4910095214844,258.7548858642578,0.0028448686283464187,1,BUY
2026-01-15 10:15:00-05:00,AAPL,260.10009765625,259.7210205078125,258.7232228597005,0.003856621903063878,1,HOLD
2026-01-15 10:30:00-05:00,AAPL,259.9549865722656,259.8845184326172,258.723388671875,0.004487919575816926,1,HOLD
2026-01-15 10:45:00-05:00,AAPL,259.92999267578125,260.0515167236328,258.7510548909505,0.005025918959945349,1,HOLD
2026-01-15 11:00:00-05:00,AAPL,259.8800048828125,260.0975067138672,258.7353881835937,0.005264523495745837,1,HOLD
2026-01-15 11:15:00-05:00,AAPL,260.4949951171875,260.15000610351564,258.7602213541667,0.00537093662262236,1,HOLD
2026-01-15 11:30:00-05:00,AAPL,260.5400085449219,260.1960083007813,258.79538879394534,0.005412072886472952,1,HOLD
2026-01-15 11:45:00-05:00,AAPL,259.9849853515625,260.1995056152344,258.85918782552085,0.005177787201499503,1,HOLD
2026-01-15 12:00:00-05:00,AAPL,260.0199890136719,260.13250427246095,258.92352091471355,0.004669268181879949,1,HOLD
2026-01-15 12:15:00-05:00,AAPL,259.3299865722656,260.04750366210936,258.9431874593099,0.004264704600398047,1,HOLD
2026-01-15 12:30:00-05:00,AAPL,258.9901123046875,259.9225158691406,258.9801747639974,0.00363866116779768,1,HOLD
2026-01-15 12:45:00-05:00,AAPL,258.94000244140625,259.80650634765624,259.0208414713542,0.003033211041393954,1,HOLD
2026-01-15 13:00:00-05:00,AAPL,259.1600036621094,259.7270080566406,259.076508585612,0.002510839267442422,1,HOLD
2026-01-15 13:15:00-05:00,AAPL,259.5299987792969,259.6870086669922,259.14817504882814,0.002079249132518632,1,HOLD
2026-01-15 13:30:00-05:00,AAPL,259.6600036621094,259.6650085449219,259.2291748046875,0.0016812680924620427,0,SELL
2026-01-15 13:45:00-05:00,AAPL,259.2300109863281,259.53851013183595,259.2948415120443,0.0009397357015308938,0,HOLD
2026-01-15 14:00:00-05:00,AAPL,258.6400146484375,259.3485107421875,259.3435089111328,1.9286509524372968e-05,0,HOLD
2026-01-15 14:15:00-05:00,AAPL,258.32000732421875,259.1820129394531,259.3698425292969,-0.0007241766737879584,0,HOLD
2026-01-15 14:30:00-05:00,AAPL,257.69989013671875,258.9500030517578,259.3645060221354,-0.0015981484002372942,0,HOLD
2026-01-15 14:45:00-05:00,AAPL,257.6099853515625,258.7780029296875,259.35150553385415,-0.002211294678957633,0,HOLD
2026-01-15 15:00:00-05:00,AAPL,257.4092102050781,258.6199127197266,259.3444793701172,-0.0027938387281287213,0,HOLD
2026-01-15 15:15:00-05:00,AAPL,257.6700134277344,258.4929138183594,259.34014689127605,-0.003266879744892871,0,HOLD
2026-01-15 15:30:00-05:00,AAPL,257.4512023925781,258.32203369140626,259.311186726888,-0.0038145405447685523,0,HOLD
2026-01-15 15:45:00-05:00,AAPL,258.3299865722656,258.2020324707031,259.3135192871094,-0.004286266367684659,0,HOLD
2026-01-16 09:30:00-05:00,AAPL,257.55999755859375,257.9920318603516,259.2515157063802,-0.004858154223696288,0,HOLD
2026-01-16 09:45:00-05:00,AAPL,256.8500061035156,257.7540313720703,259.14751586914065,-0.005377186396700795,0,HOLD
2026-01-16 10:00:00-05:00,AAPL,256.8800048828125,257.5780303955078,259.0408498128255,-0.005647060756535794,0,HOLD
2026-01-16 10:15:00-05:00,AAPL,256.80999755859375,257.4270294189453,258.9361826578776,-0.005828282565385175,0,HOLD
2026-01-16 10:30:00-05:00,AAPL,256.3599853515625,257.2930389404297,258.79184875488284,-0.0057915650035513175,0,HOLD
2026-01-16 10:45:00-05:00,AAPL,256.5799865722656,257.1900390625,258.6718485514323,-0.005728530171452607,0,HOLD
2026-01-16 11:00:00-05:00,AAPL,256.7294006347656,257.12205810546874,258.55482889811196,-0.005541458261480909,0,HOLD
2026-01-16 11:15:00-05:00,AAPL,256.4399108886719,256.9990478515625,258.432822672526,-0.005547959450879445,0,HOLD
2026-01-16 11:30:00-05:00,AAPL,256.54998779296875,256.90892639160154,258.31932271321614,-0.005459894779843505,0,HOLD
2026-01-16 11:45:00-05:00,AAPL,256.1669921875,256.692626953125,258.1938893636068,-0.005814476919581945,0,HOLD
2026-01-16 12:00:00-05:00,AAPL,256.2799987792969,256.5646270751953,258.0738891601562,-0.005848178170494092,0,HOLD
2026-01-16 12:15:00-05:00,AAPL,255.8300018310547,256.4626266479492,257.9183893839518,-0.005644276623624078,0,HOLD
2026-01-16 12:30:00-05:00,AAPL,255.39990234375,256.31461639404296,257.7470525105794,-0.005557526662609092,0,HOLD
2026-01-16 12:45:00-05:00,AAPL,255.1699981689453,256.15061645507814,257.5865529378255,-0.0055745785887121296,0,HOLD
2026-01-16 13:00:00-05:00,AAPL,255.48049926757812,256.0626678466797,257.43523661295575,-0.005331705108961702,0,HOLD
2026-01-16 13:15:00-05:00,AAPL,256.0299987792969,256.00766906738284,257.3252370198568,-0.005120243811811895,0,HOLD
2026-01-16 13:30:00-05:00,AAPL,256.7099914550781,256.00572814941404,257.2492329915365,-0.004833852477077532,0,HOLD
2026-01-16 13:45:00-05:00,AAPL,256.54998779296875,256.01673583984376,257.16956583658856,-0.004482762153424227,0,HOLD
2026-01-16 14:00:00-05:00,AAPL,256.2699890136719,255.98873596191407,257.07323201497394,-0.00421862690471288,0,HOLD
2026-01-16 14:15:00-05:00,AAPL,256.0,255.97203674316407,256.9555653889974,-0.003827621496908995,0,HOLD
2026-01-16 14:30:00-05:00,AAPL,256.55999755859375,256.0000366210937,256.85223185221355,-0.0033178424223705176,0,HOLD
2026-01-16 14:45:00-05:00,AAPL,256.5899963378906,256.07603607177737,256.7642313639323,-0.002680261532142732,0,HOLD
2026-01-16 15:00:00-05:00,AAPL,256.1549987792969,256.151545715332,256.6813975016276,-0.002064239136348869,0,HOLD
2026-01-16 15:15:00-05:00,AAPL,256.17999267578125,256.25254516601564,256.610063680013,-0.0013932365273218374,0,HOLD
2026-01-16 15:30:00-05:00,AAPL,255.6499938964844,256.2694946289063,256.54173380533854,-0.0010611886510396692,0,HOLD
2026-01-16 15:45:00-05:00,AAPL,255.47999572753903,256.2144943237305,256.47073415120445,-0.0009990996763119717,0,HOLD
2026-01-20 09:30:00-05:00,AAPL,253.07000732421875,255.85049591064453,256.32609405517576,-0.0018554417812369018,0,HOLD
2026-01-20 09:45:00-05:00,AAPL,252.5800018310547,255.45349731445313,256.15642700195315,-0.002744142302916559,0,HOLD
2026-01-20 10:00:00-05:00,AAPL,251.13999938964844,254.94049835205078,255.94605356852213,-0.003928777968839212,0,HOLD
2026-01-20 10:15:00-05:00,AAPL,251.61570739746097,254.50206909179687,255.7222442626953,-0.004771486244446518,0,HOLD
2026-01-20 10:30:00-05:00,AAPL,251.5399932861328,254.00006866455078,255.52157745361328,-0.0059545217442104476,0,HOLD
2026-01-20 10:45:00-05:00,AAPL,251.5500030517578,253.4960693359375,255.34491068522135,-0.007240564710385083,0,HOLD
2026-01-20 11:00:00-05:00,AAPL,251.67999267578125,253.04856872558594,255.17157694498698,-0.008319924361555157,0,HOLD
2026-01-20 11:15:00-05:00,AAPL,251.30499267578125,252.56106872558593,254.98807678222656,-0.009518123699224671,0,HOLD
2026-01-20 11:30:00-05:00,AAPL,250.8502960205078,252.0810989379883,254.8044204711914,-0.010687889669131633,0,HOLD
2026-01-20 11:45:00-05:00,AAPL,251.1999969482422,251.6530990600586,254.62508748372395,-0.01167201729034389,0,HOLD
2026-01-20 12:00:00-05:00,AAPL,250.7599945068359,251.4220977783203,254.42610727945964,-0.01180700177847612,0,HOLD
2026-01-20 12:15:00-05:00,AAPL,250.55999755859375,251.22009735107423,254.23011016845703,-0.011839718023126047,0,HOLD
2026-01-20 12:30:00-05:00,AAPL,250.3302001953125,251.1391174316406,254.0227839152018,-0.011351999372323346,0,HOLD
2026-01-20 12:45:00-05:00,AAPL,250.27000427246097,251.00454711914062,253.8262176513672,-0.011116544848421272,0,HOLD
2026-01-20 13:00:00-05:00,AAPL,249.7100067138672,250.82154846191406,253.60721791585286,-0.010984188371417262,0,HOLD
2026-01-20 13:15:00-05:00,AAPL,249.19500732421875,250.58604888916017,253.38605143229168,-0.01105034206620372,0,HOLD
2026-01-20 13:30:00-05:00,AAPL,248.6199951171875,250.2800491333008,253.1600545247396,-0.011376223618080146,0,HOLD
2026-01-20 13:45:00-05:00,AAPL,248.52999877929688,250.00254974365234,252.9387212117513,-0.011608232436823716,0,HOLD
2026-01-20 14:00:00-05:00,AAPL,248.1300048828125,249.73052062988282,252.6937047322591,-0.011726386715948948,0,HOLD
2026-01-20 14:15:00-05:00,AAPL,247.45249938964844,249.35577087402345,252.4077880859375,-0.01209161268381679,0,HOLD
2026-01-20 14:30:00-05:00,AAPL,247.7030029296875,249.0500717163086,252.10755513509113,-0.0121276945355493,0,HOLD
2026-01-20 14:45:00-05:00,AAPL,246.9550018310547,248.6895721435547,251.787722269694,-0.012304611591906066,0,HOLD
2026-01-20 15:00:00-05:00,AAPL,246.7400054931641,248.33055267333984,251.47005615234374,-0.012484601654130761,0,HOLD
2026-01-20 15:15:00-05:00,AAPL,245.4600067138672,247.84955291748048,251.11872304280598,-0.013018424455623866,0,HOLD
2026-01-20 15:30:00-05:00,AAPL,244.4900054931641,247.32755279541016,250.71638997395834,-0.013516616041337312,0,HOLD
2026-01-20 15:45:00-05:00,AAPL,246.69000244140625,247.0770523071289,250.38639017740886,-0.01321692392280252,0,HOLD
2026-01-21 09:30:00-05:00,AAPL,246.77000427246097,246.89205322265624,250.07355702718098,-0.012722271968079112,0,HOLD
2026-01-21 09:45:00-05:00,AAPL,246.8999938964844,246.729052734375,249.76422373453775,-0.01215214474987698,0,HOLD
2026-01-21 10:00:00-05:00,AAPL,246.91000366210935,246.6070526123047,249.47289072672527,-0.011487573283302483,0,HOLD
2026-01-21 10:15:00-05:00,AAPL,247.57000732421875,246.61880340576172,249.20922444661457,-0.010394563229371006,0,HOLD
2026-01-21 10:30:00-05:00,AAPL,248.47999572753903,246.69650268554688,249.05622406005858,-0.009474653297332065,0,HOLD
2026-01-21 10:45:00-05:00,AAPL,248.14500427246097,246.8155029296875,248.90839080810548,-0.008408265674062667,0,HOLD
2026-01-21 11:00:00-05:00,AAPL,247.26109313964844,246.86761169433595,248.77909393310546,-0.007683452047958216,0,HOLD
2026-01-21 11:15:00-05:00,AAPL,247.3000030517578,247.051611328125,248.63523712158204,-0.006369273365233593,0,HOLD
2026-01-21 11:30:00-05:00,AAPL,245.9949951171875,247.20211029052734,248.45040384928384,-0.005024316883436208,0,HOLD
2026-01-21 11:45:00-05:00,AAPL,245.77999877929688,247.1111099243164,248.25807037353516,-0.004620032885509109,0,HOLD
2026-01-21 12:00:00-05:00,AAPL,245.2899932861328,246.9631088256836,248.0450703938802,-0.00436195553686474,0,HOLD
2026-01-21 12:15:00-05:00,AAPL,245.8300018310547,246.85610961914062,247.862570699056,-0.004060560967623344,0,HOLD
2026-01-21 12:30:00-05:00,AAPL,245.9501037597656,246.76011962890624,247.69923095703126,-0.003791337278265235,0,HOLD
2026-01-21 12:45:00-05:00,AAPL,246.2200927734375,246.62512817382813,247.53323415120443,-0.0036686224396905933,0,HOLD
2026-01-21 13:00:00-05:00,AAPL,246.1999969482422,246.39712829589843,247.38123423258463,-0.0039780945379266795,0,HOLD
2026-01-21 13:15:00-05:00,AAPL,245.8800048828125,246.1706283569336,247.22523447672526,-0.004265770531166962,0,HOLD
2026-01-21 13:30:00-05:00,AAPL,245.86000061035156,246.0305191040039,247.07622782389322,-0.004232332382193651,0,HOLD
2026-01-21 13:45:00-05:00,AAPL,246.125,245.91301879882812,246.9380610148112,-0.004151009414144587,0,HOLD
2026-01-21 14:00:00-05:00,AAPL,245.89500427246097,245.90301971435548,246.81089426676434,-0.003678421712728711,0,HOLD
2026-01-21 14:15:00-05:00,AAPL,247.1103057861328,246.03605041503906,246.74140421549478,-0.0028586762837731748,0,HOLD
2026-01-21 14:30:00-05:00,AAPL,249.139892578125,246.4210403442383,246.75873413085938,-0.0013685180701324422,0,HOLD
2026-01-21 14:45:00-05:00,AAPL,250.7100067138672,246.90904083251954,246.8314010620117,0.00031454575946892607,0,HOLD
2026-01-21 15:00:00-05:00,AAPL,250.3500061035156,247.34903106689453,246.90540110270183,0.0017967608736439284,0,HOLD
2026-01-21 15:15:00-05:00,AAPL,248.38279724121097,247.56530151367187,246.93641103108723,0.0025467709681156144,1,BUY
2026-01-21 15:30:00-05:00,AAPL,248.16000366210935,247.76130218505858,246.95164438883464,0.0032786086451366504,1,HOLD
2026-01-21 15:45:00-05:00,AAPL,247.6300048828125,247.9363021850586,246.9741444905599,0.0038957830848381637,1,HOLD
2026-01-22 09:30:00-05:00,AAPL,249.72999572753903,248.32330169677735,247.07381083170574,0.00505715624357572,1,HOLD
2026-01-22 09:45:00-05:00,AAPL,249.85499572753903,248.69630126953126,247.2203104654948,0.00597034604987467,1,HOLD
2026-01-22 10:00:00-05:00,AAPL,249.86000061035156,249.09280090332032,247.39931030273436,0.0068451710658113465,1,HOLD
2026-01-22 10:15:00-05:00,AAPL,250.1300048828125,249.39477081298827,247.51397705078125,0.007598737592993169,1,HOLD
2026-01-22 10:30:00-05:00,AAPL,249.72999572753903,249.4537811279297,247.61264343261718,0.007435556075768563,1,HOLD
2026-01-22 10:45:00-05:00,AAPL,249.08920288085935,249.2917007446289,247.68561706542968,0.006484363921603733,1,HOLD
2026-01-22 11:00:00-05:00,AAPL,249.52000427246097,249.20870056152344,247.77261708577473,0.005795973310689005,1,HOLD
2026-01-22 11:15:00-05:00,AAPL,249.6999053955078,249.3404113769531,247.84361368815104,0.006039282862803234,1,HOLD
2026-01-22 11:30:00-05:00,AAPL,249.67999267578125,249.4924102783203,247.88361358642578,0.006490129253072273,1,HOLD
2026-01-22 11:45:00-05:00,AAPL,249.58999633789065,249.68840942382812,247.93177998860676,0.0070851321895969875,1,HOLD
2026-01-22 12:00:00-05:00,AAPL,249.66000366210935,249.68141021728516,248.0117436726888,0.006732207595781812,1,HOLD
2026-01-22 12:15:00-05:00,AAPL,249.7400054931641,249.66991119384767,248.09307708740235,0.00635581663526147,1,HOLD
2026-01-22 12:30:00-05:00,AAPL,250.27000427246097,249.7109115600586,248.23557739257814,0.00594328251807059,1,HOLD
2026-01-22 12:45:00-05:00,AAPL,250.1499938964844,249.7129104614258,248.38124389648436,0.005361381334801656,1,HOLD
2026-01-22 13:00:00-05:00,AAPL,250.0070037841797,249.74061126708983,248.5384775797526,0.0048368111812847545,1,HOLD
2026-01-22 13:15:00-05:00,AAPL,250.67999267578125,249.89969024658203,248.70014394124348,0.0048232634140410536,1,HOLD
2026-01-22 13:30:00-05:00,AAPL,250.1999969482422,249.96768951416016,248.84180704752603,0.004524490799968725,1,HOLD
2026-01-22 13:45:00-05:00,AAPL,250.22000122070312,250.0196990966797,248.97513732910156,0.004195446094673312,1,HOLD
2026-01-22 14:00:00-05:00,AAPL,250.84500122070312,250.13619995117188,249.12997080485027,0.004038972681893042,1,HOLD
2026-01-22 14:15:00-05:00,AAPL,250.52000427246097,250.2292007446289,249.28463745117188,0.003789095481834701,1,HOLD
2026-01-22 14:30:00-05:00,AAPL,249.52999877929688,250.21620025634766,249.40697072347004,0.003244614737632399,1,HOLD
2026-01-22 14:45:00-05:00,AAPL,248.8800048828125,250.1302001953125,249.4988042195638,0.0025306573220810957,1,HOLD
2026-01-22 15:00:00-05:00,AAPL,249.05999755859375,250.0091995239258,249.60430399576822,0.001622149625129989,0,SELL
2026-01-22 15:15:00-05:00,AAPL,248.3699951171875,249.8311996459961,249.64629364013672,0.0007406719449475009,0,HOLD
2026-01-22 15:30:00-05:00,AAPL,248.6300048828125,249.69349975585936,249.6292973836263,0.00025719085422254727,0,HOLD
2026-01-22 15:45:00-05:00,AAPL,248.36000061035156,249.4615005493164,249.55096384684245,-0.0003584971027438885,0,HOLD
2026-01-23 09:30:00-05:00,AAPL,245.83009338378903,249.0245101928711,249.40030008951823,-0.0015067740356055567,0,HOLD
2026-01-23 09:45:00-05:00,AAPL,245.88999938964844,248.5915100097656,249.31720682779948,-0.0029107369975274024,0,HOLD
2026-01-23 10:00:00-05:00,AAPL,245.9499969482422,248.10200958251954,249.24353993733723,-0.004579979706212982,0,HOLD
2026-01-23 10:15:00-05:00,AAPL,247.01010131835935,247.7510192871094,249.2228764851888,-0.005905786895798433,0,HOLD
2026-01-23 10:30:00-05:00,AAPL,248.0399932861328,247.60201873779297,249.16654307047526,-0.006279030536775421,0,HOLD
2026-01-23 10:45:00-05:00,AAPL,248.97999572753903,247.6120178222656,249.1373764038086,-0.006122560185713091,0,HOLD
2026-01-23 11:00:00-05:00,AAPL,248.8300018310547,247.58901824951172,249.10304311116536,-0.006077905924970919,0,HOLD
2026-01-23 11:15:00-05:00,AAPL,248.3500061035156,247.58701934814454,249.04370981852213,-0.005849135765922711,0,HOLD
2026-01-23 11:30:00-05:00,AAPL,248.30999755859375,247.55501861572264,248.99637654622396,-0.0057886703031348585,0,HOLD
2026-01-23 11:45:00-05:00,AAPL,248.2400054931641,247.54301910400392,248.96806996663412,-0.0057238298181014995,0,HOLD
2026-01-23 12:00:00-05:00,AAPL,248.0500030517578,247.76501007080077,248.919069925944,-0.004636285421950901,0,HOLD
2026-01-23 12:15:00-05:00,AAPL,248.73989868164065,248.05,248.88706970214844,-0.0033632510646301383,0,HOLD
2026-01-23 12:30:00-05:00,AAPL,248.0800018310547,248.26300048828125,248.8337366739909,-0.0022936447177072205,0,HOLD
2026-01-23 12:45:00-05:00,AAPL,247.7899932861328,248.3409896850586,248.77373657226562,-0.001739519987799531,0,HOLD
2026-01-23 13:00:00-05:00,AAPL,247.69769287109375,248.3067596435547,248.7083262125651,-0.0016146084657704762,0,HOLD
2026-01-23 13:15:00-05:00,AAPL,247.92999267578125,248.2017593383789,248.6479924519857,-0.0017946379104305402,0,HOLD
2026-01-23 13:30:00-05:00,AAPL,247.38999938964844,248.0577590942383,248.55199228922527,-0.0019884499433497414,0,HOLD
2026-01-23 13:45:00-05:00,AAPL,247.52000427246097,247.97475891113282,248.46432596842448,-0.001970371623304454,0,HOLD
2026-01-23 14:00:00-05:00,AAPL,247.77000427246097,247.92075958251954,248.38975931803387,-0.0018881605135493188,0,HOLD
2026-01-23 14:15:00-05:00,AAPL,247.4750061035156,247.8442596435547,248.28292643229167,-0.0017668020714932578,0,HOLD
2026-01-23 14:30:00-05:00,AAPL,248.1510009765625,247.85435943603517,248.21462656656902,-0.001451433928440295,0,HOLD
2026-01-23 14:45:00-05:00,AAPL,248.1699981689453,247.79736938476563,248.14629313151042,-0.0014061211325847544,0,HOLD
2026-01-23 15:00:00-05:00,AAPL,248.1855010986328,247.80791931152345,248.0576431274414,-0.0010067168774543609,0,HOLD
2026-01-23 15:15:00-05:00,AAPL,248.19000244140625,247.8479202270508,247.97997639973957,-0.0005325275637412962,0,HOLD
2026-01-23 15:30:00-05:00,AAPL,248.7100067138672,247.94915161132812,247.95264333089193,-1.4082203427659651e-05,0,HOLD
2026-01-23 15:45:00-05:00,AAPL,247.97000122070312,247.95315246582032,247.92230987548828,0.0001244042552988975,0,HOLD
2026-01-26 09:30:00-05:00,AAPL,252.7100067138672,248.4851531982422,248.04397684733073,0.0017786215030046989,0,HOLD
2026-01-26 09:45:00-05:00,AAPL,252.7599945068359,249.0091522216797,248.190310160319,0.0032992507275234288,1,BUY
2026-01-26 10:00:00-05:00,AAPL,253.6820068359375,249.60035247802733,248.35871022542318,0.004999390806455602,1,HOLD
2026-01-26 10:15:00-05:00,AAPL,254.0399932861328,250.25685119628906,248.54804331461588,0.006875161272181676,1,HOLD
2026-01-26 10:30:00-05:00,AAPL,254.9510040283203,250.93685150146484,248.8520736694336,0.008377578700833315,1,HOLD
2026-01-26 10:45:00-05:00,AAPL,254.8000030517578,251.5998519897461,249.1490737915039,0.009836593654340036,1,HOLD
2026-01-26 11:00:00-05:00,AAPL,255.12010192871097,252.2933120727539,249.45474395751953,0.011379090532420462,1,HOLD
2026-01-26 11:15:00-05:00,AAPL,255.0998992919922,252.9843017578125,249.72440388997396,0.01305398197796804,1,HOLD
2026-01-26 11:30:00-05:00,AAPL,255.0,253.6133010864258,249.95640411376954,0.014630139146152028,1,HOLD
2026-01-26 11:45:00-05:00,AAPL,254.86000061035156,254.30230102539062,250.15240427652995,0.016589473768451903,1,HOLD
2026-01-26 12:00:00-05:00,AAPL,254.2899932861328,254.46029968261718,250.33440399169922,0.016481536796894954,1,HOLD
2026-01-26 12:15:00-05:00,AAPL,254.5,254.6343002319336,250.5394037882487,0.0163443210200413,1,HOLD
2026-01-26 12:30:00-05:00,AAPL,254.66000366210935,254.7320999145508,250.75107065836588,0.015876419772535438,1,HOLD
2026-01-26 12:45:00-05:00,AAPL,254.3300018310547,254.76110076904297,250.95407053629557,0.015170227064305705,1,HOLD
2026-01-26 13:00:00-05:00,AAPL,254.2400054931641,254.69000091552735,251.1604039510091,0.014053158495503634,1,HOLD
2026-01-26 13:15:00-05:00,AAPL,254.6499938964844,254.675,251.35740712483724,0.013198707422674373,1,HOLD
2026-01-26 13:30:00-05:00,AAPL,254.58999633789065,254.62198944091796,251.57440694173178,0.012114040280305782,1,HOLD
2026-01-26 13:45:00-05:00,AAPL,255.11000061035156,254.6229995727539,251.8184071858724,0.011137360521907344,1,HOLD
2026-01-26 14:00:00-05:00,AAPL,255.43499755859375,254.66649932861327,252.0763173421224,0.010275388080092568,1,HOLD
2026-01-26 14:15:00-05:00,AAPL,255.94000244140625,254.77449951171874,252.34331766764322,0.009634421337352749,1,HOLD
2026-01-26 14:30:00-05:00,AAPL,256.1300048828125,254.95850067138673,252.63465118408203,0.009198459025367142,1,HOLD
2026-01-26 14:45:00-05:00,AAPL,256.1000061035156,255.11850128173828,252.9206512451172,0.008689879714452568,1,HOLD
2026-01-26 15:00:00-05:00,AAPL,255.8000030517578,255.2325012207031,253.18831787109374,0.008073766462835493,1,HOLD
2026-01-26 15:15:00-05:00,AAPL,255.7250061035156,255.37200164794922,253.46331787109375,0.007530414234639611,1,HOLD
2026-01-26 15:30:00-05:00,AAPL,255.5050048828125,255.49850158691407,253.7084513346354,0.007055540494855756,1,HOLD
2026-01-26 15:45:00-05:00,AAPL,255.4199981689453,255.57550201416015,253.9501180013021,0.0064004066060317,1,HOLD
2026-01-27 09:30:00-05:00,AAPL,260.5899963378906,256.17550201416014,254.363601175944,0.007123270899765394,1,HOLD
2026-01-27 09:45:00-05:00,AAPL,261.4649963378906,256.8110015869141,254.80610097249348,0.00786833834342539,1,HOLD
2026-01-27 10:00:00-05:00,AAPL,260.0299987792969,257.2705017089844,255.18343404134114,0.008178695750701188,1,HOLD
2026-01-27 10:15:00-05:00,AAPL,259.8450012207031,257.66100158691404,255.5792673746745,0.008145160730849772,1,HOLD
2026-01-27 10:30:00-05:00,AAPL,260.3800048828125,258.08600158691405,255.83493398030598,0.008798906277519397,1,HOLD
2026-01-27 10:45:00-05:00,AAPL,260.3399963378906,258.51000061035154,256.0876007080078,0.00945926275089655,1,HOLD
2026-01-27 11:00:00-05:00,AAPL,261.1499938964844,259.04499969482424,256.33653361002604,0.010566055671637856,1,HOLD
2026-01-27 11:15:00-05:00,AAPL,260.7200012207031,259.544499206543,256.55920054117837,0.011635905705457101,1,HOLD
2026-01-27 11:30:00-05:00,AAPL,260.9068908691406,260.0846878051758,256.7577301025391,0.012957575615378983,1,HOLD
2026-01-27 11:45:00-05:00,AAPL,260.7799987792969,260.6206878662109,256.95706329345705,0.014257730555434583,1,HOLD
2026-01-27 12:00:00-05:00,AAPL,260.9100036621094,260.65268859863284,257.1500600179036,0.01362095183055895,1,HOLD
2026-01-27 12:15:00-05:00,AAPL,261.30999755859375,260.63718872070314,257.35706329345703,0.01274542608339399,1,HOLD
2026-01-27 12:30:00-05:00,AAPL,260.8500061035156,260.719189453125,257.5520634969076,0.012297031960124289,1,HOLD
2026-01-27 12:45:00-05:00,AAPL,260.7099914550781,260.8056884765625,257.7470631917318,0.01186677065086669,1,HOLD
2026-01-27 13:00:00-05:00,AAPL,260.9801025390625,260.8656982421875,257.9700668334961,0.011224679840705415,1,HOLD
2026-01-27 13:15:00-05:00,AAPL,260.2550048828125,260.85719909667966,258.16190032958986,0.010440342915235667,1,HOLD
2026-01-27 13:30:00-05:00,AAPL,259.8500061035156,260.7272003173828,258.3349004109701,0.009260459591820437,1,HOLD
2026-01-27 13:45:00-05:00,AAPL,259.82000732421875,260.6372009277344,258.5179005940755,0.008197886215185567,1,HOLD
2026-01-27 14:00:00-05:00,AAPL,259.80999755859375,260.5275115966797,258.7035669962565,0.007050326447372086,1,HOLD
2026-01-27 14:15:00-05:00,AAPL,259.875,260.43701171875,258.8777338663737,0.006023221190514376,1,HOLD
2026-01-27 14:30:00-05:00,AAPL,259.6050109863281,260.3065124511719,259.0449010213216,0.0048702422818446035,1,HOLD
2026-01-27 14:45:00-05:00,AAPL,259.739990234375,260.14951171875,259.19923400878906,0.003666205703095142,1,HOLD
2026-01-27 15:00:00-05:00,AAPL,259.6199951171875,260.02651062011716,259.33873392740884,0.0026520399875972264,1,HOLD
2026-01-27 15:15:00-05:00,AAPL,259.3800048828125,259.8935119628906,259.4534006754557,0.001696301864955755,0,SELL
2026-01-27 15:30:00-05:00,AAPL,259.3399963378906,259.72950134277346,259.560400390625,0.0006514897954156135,0,HOLD
2026-01-27 15:45:00-05:00,AAPL,258.2699890136719,259.5309997558594,259.6327331542969,-0.0003918357951307688,0,HOLD
2026-01-28 09:30:00-05:00,AAPL,256.6300048828125,259.20899963378906,259.66039988199867,-0.0017384254526864528,0,HOLD
2026-01-28 09:45:00-05:00,AAPL,256.1449890136719,258.84149780273435,259.67439931233724,-0.0032074841101339155,0,HOLD
2026-01-28 10:00:00-05:00,AAPL,256.4599914550781,258.5064971923828,259.7062321980794,-0.004619584965452623,0,HOLD
2026-01-28 10:15:00-05:00,AAPL,256.0899963378906,258.12799682617185,259.7285654703776,-0.006162466732556161,0,HOLD
2026-01-28 10:30:00-05:00,AAPL,256.0209045410156,257.76958618164065,259.5762624104818,-0.006960098015372968,0,HOLD
2026-01-28 10:45:00-05:00,AAPL,255.83999633789065,257.3795867919922,259.3887624104818,-0.007745808260228526,0,HOLD
2026-01-28 11:00:00-05:00,AAPL,255.9062042236328,257.0082077026367,259.25130259195964,-0.008652202966375814,0,HOLD
2026-01-28 11:15:00-05:00,AAPL,255.4900054931641,256.61920776367185,259.10613606770835,-0.00959810655887603,0,HOLD
2026-01-28 11:30:00-05:00,AAPL,254.88999938964844,256.17420806884763,258.92313588460286,-0.010616771677678,0,HOLD
2026-01-28 11:45:00-05:00,AAPL,255.33999633789065,255.88120880126954,258.75646921793617,-0.011111839736246219,0,HOLD
2026-01-28 12:00:00-05:00,AAPL,255.25,255.7432083129883,258.55980275472007,-0.010893396466595049,0,HOLD
2026-01-28 12:15:00-05:00,AAPL,254.82000732421875,255.61071014404297,258.3631362915039,-0.01065332379444199,0,HOLD
2026-01-28 12:30:00-05:00,AAPL,255.02999877929688,255.46771087646485,258.16723988850913,-0.010456512659042587,0,HOLD
2026-01-28 12:45:00-05:00,AAPL,254.8300018310547,255.34171142578126,257.968906656901,-0.010184154614470432,0,HOLD
2026-01-28 13:00:00-05:00,AAPL,254.9550018310547,255.23512115478516,257.7704065958659,-0.009835440284095793,0,HOLD
2026-01-28 13:15:00-05:00,AAPL,255.2550048828125,255.17662200927734,257.5685735066732,-0.00928665894612292,0,HOLD
2026-01-28 13:30:00-05:00,AAPL,255.31500244140625,255.11750183105468,257.38407338460286,-0.008806184173491154,0,HOLD
2026-01-28 13:45:00-05:00,AAPL,255.656494140625,255.13415069580077,257.2156234741211,-0.008092326392178767,0,HOLD
2026-01-28 14:00:00-05:00,AAPL,255.0099945068359,255.14615020751953,257.01661987304686,-0.007277621448960207,0,HOLD
2026-01-28 14:15:00-05:00,AAPL,255.11000061035156,255.12315063476564,256.8451197306315,-0.006704309187076588,0,HOLD
2026-01-28 14:30:00-05:00,AAPL,255.63999938964844,255.16215057373046,256.7047861735026,-0.006009376072674827,0,HOLD
2026-01-28 14:45:00-05:00,AAPL,256.2900085449219,255.30915069580078,256.587119547526,-0.0049806430423274765,0,HOLD
2026-01-28 15:00:00-05:00,AAPL,256.20001220703125,255.42615203857423,256.46678670247394,-0.00405758062195767,0,HOLD
2026-01-28 15:15:00-05:00,AAPL,256.4750061035156,255.5906524658203,256.35345357259115,-0.002975583500593785,0,HOLD
2026-01-28 15:30:00-05:00,AAPL,256.5299987792969,255.74815216064454,256.2509531656901,-0.001962142965066097,0,HOLD
2026-01-28 15:45:00-05:00,AAPL,256.44000244140625,255.8666519165039,256.1409535725912,-0.0010709012060014934,0,HOLD
2026-01-29 09:30:00-05:00,AAPL,256.2200012207031,255.9571517944336,256.0276204427083,-0.0002752384611975691,0,HOLD
2026-01-29 09:45:00-05:00,AAPL,256.79998779296875,256.07150115966795,255.94161987304688,0.0005074645018090266,0,HOLD
2026-01-29 10:00:00-05:00,AAPL,256.3299865722656,256.20350036621096,255.8412862141927,0.0014157767785571746,0,HOLD
2026-01-29 10:15:00-05:00,AAPL,256.8999938964844,256.3824996948242,255.79561971028645,0.0022943316433740057,1,BUY
2026-01-29 10:30:00-05:00,AAPL,255.13999938964844,256.3324996948242,255.74595286051434,0.0022934745506208577,1,HOLD
2026-01-29 10:45:00-05:00,AAPL,255.4550018310547,256.2489990234375,255.72295328776042,0.0020570923685724407,1,HOLD
2026-01-29 11:00:00-05:00,AAPL,255.86000061035156,256.21499786376955,255.7029535929362,0.0020024965047861225,1,HOLD
2026-01-29 11:15:00-05:00,AAPL,256.1700134277344,256.1844985961914,255.70562082926432,0.0018727698099638066,1,HOLD
2026-01-29 11:30:00-05:00,AAPL,255.5901031494141,256.09050903320315,255.6912607828776,0.001561446602058749,1,HOLD
2026-01-29 11:45:00-05:00,AAPL,255.38999938964844,255.98550872802736,255.67626088460287,0.0012095289658669676,1,HOLD
2026-01-29 12:00:00-05:00,AAPL,256.54998779296875,256.0185073852539,255.69772033691407,0.0012545557618469658,1,HOLD
2026-01-29 12:15:00-05:00,AAPL,257.2200012207031,256.06050872802734,255.75538686116536,0.0011930222491368827,1,HOLD
2026-01-29 12:30:00-05:00,AAPL,257.05999755859375,256.13350982666014,255.82772013346354,0.001195295384867101,1,HOLD
2026-01-29 12:45:00-05:00,AAPL,256.93499755859375,256.1370101928711,255.88088684082032,0.0010009475706175862,1,HOLD
2026-01-29 13:00:00-05:00,AAPL,256.95001220703125,256.31801147460936,255.93755391438802,0.001486524952678922,1,HOLD
2026-01-29 13:15:00-05:00,AAPL,257.3800048828125,256.51051177978513,256.02288716634115,0.001904613368128953,0,SELL
2026-01-29 13:30:00-05:00,AAPL,257.6200866699219,256.6865203857422,256.109223429362,0.0022541045131061004,0,HOLD
2026-01-29 13:45:00-05:00,AAPL,257.3299865722656,256.8025177001953,256.192556254069,0.002380871072309378,0,HOLD
2026-01-29 14:00:00-05:00,AAPL,257.80999755859375,257.0245071411133,256.2877227783203,0.0028748328433597847,0,HOLD
2026-01-29 14:15:00-05:00,AAPL,258.1449890136719,257.3000061035156,256.38405558268227,0.0035725720881966475,0,HOLD
2026-01-29 14:30:00-05:00,AAPL,258.0299987792969,257.44800720214846,256.47455546061195,0.0037955100060052755,0,HOLD
2026-01-29 14:45:00-05:00,AAPL,257.9200134277344,257.51800842285155,256.5500061035156,0.003773152587434971,0,HOLD
2026-01-29 15:00:00-05:00,AAPL,258.19000244140625,257.6310089111328,256.65600636800133,0.003798868987829205,0,HOLD
2026-01-29 15:15:00-05:00,AAPL,258.2950134277344,257.7670104980469,256.7621734619141,0.003913493263375345,0,HOLD
2026-01-29 15:30:00-05:00,AAPL,258.44000244140625,257.9160095214844,256.85550689697266,0.00412879068595216,0,HOLD
2026-01-29 15:45:00-05:00,AAPL,258.17498779296875,257.9955078125,256.91833953857423,0.004192648433974736,0,HOLD
2026-01-30 09:30:00-05:00,AAPL,253.5399932861328,257.5874984741211,256.8296722412109,0.0029506957910939912,0,HOLD
2026-01-30 09:45:00-05:00,AAPL,256.2900085449219,257.4835006713867,256.82350565592446,0.002569838822878082,1,BUY
2026-01-30 10:00:00-05:00,AAPL,258.2699890136719,257.52949981689454,256.8815053304036,0.002522542390342421,1,HOLD
2026-01-30 10:15:00-05:00,AAPL,254.0,257.11500091552733,256.8001719156901,0.0012259688048051358,1,HOLD
2026-01-30 10:30:00-05:00,AAPL,255.60499572753903,256.87250061035155,256.77967173258463,0.0003615117861183081,1,HOLD
2026-01-30 10:45:00-05:00,AAPL,254.94000244140625,256.5744995117187,256.7176722208659,-0.0005577049211633071,1,HOLD
2026-01-30 11:00:00-05:00,AAPL,255.5,256.3054992675781,256.6900060017904,-0.0014979419736722598,1,HOLD
2026-01-30 11:15:00-05:00,AAPL,256.6875,256.1447479248047,256.6829228719076,-0.002096652714880716,1,HOLD
2026-01-30 11:30:00-05:00,AAPL,256.80999755859375,255.98174743652345,256.73858947753905,-0.002947909165333383,1,HOLD
2026-01-30 11:45:00-05:00,AAPL,256.1050109863281,255.77474975585938,256.76025644938153,-0.0038382369107675357,1,HOLD
2026-01-30 12:00:00-05:00,AAPL,254.5249938964844,255.87324981689457,256.71575622558595,-0.003281864818422112,1,HOLD
2026-01-30 12:15:00-05:00,AAPL,255.2100067138672,255.76524963378907,256.68375600179036,-0.0035783579853603292,1,HOLD
2026-01-30 12:30:00-05:00,AAPL,254.7100067138672,255.40925140380858,256.65441945393883,-0.0048515355892935,1,HOLD
2026-01-30 12:45:00-05:00,AAPL,254.85499572753903,255.4947509765625,256.63658599853517,-0.0044492293159603714,0,SELL
2026-01-30 13:00:00-05:00,AAPL,255.4600067138672,255.48025207519532,256.6002532958984,-0.004364770518802152,0,HOLD
2026-01-30 13:15:00-05:00,AAPL,256.05499267578125,255.5917510986328,256.56141967773436,-0.0037794793165689036,0,HOLD
2026-01-30 13:30:00-05:00,AAPL,256.1466979980469,255.6564208984375,256.5309763590495,-0.003409161236684061,0,HOLD
2026-01-30 13:45:00-05:00,AAPL,257.3500061035156,255.72267150878906,256.54480997721356,-0.0032046583538272353,0,HOLD
2026-01-30 14:00:00-05:00,AAPL,257.7900085449219,255.82067260742187,256.57280985514325,-0.0029314768316487747,0,HOLD
2026-01-30 14:15:00-05:00,AAPL,257.5849914550781,255.9686706542969,256.5796427408854,-0.002381218089096461,0,HOLD
2026-01-30 14:30:00-05:00,AAPL,258.0950012207031,256.32567138671874,256.59547322591146,-0.001051467649841137,0,HOLD
2026-01-30 14:45:00-05:00,AAPL,258.2699890136719,256.63166961669924,256.626806640625,1.894960288024095e-05,0,HOLD
2026-01-30 15:00:00-05:00,AAPL,258.6499938964844,257.0256683349609,256.65480651855466,0.0014449829381217927,0,HOLD
2026-01-30 15:15:00-05:00,AAPL,259.9100036621094,257.53116912841796,256.71364034016926,0.003184594270742268,0,HOLD
2026-01-30 15:30:00-05:00,AAPL,260.989990234375,258.08416748046875,256.8123067220052,0.00495249147012385,0,HOLD
2026-01-30 15:45:00-05:00,AAPL,259.4800109863281,258.4266693115234,256.864306640625,0.006082443650235592,1,BUY
2026-02-02 09:30:00-05:00,AAPL,261.15789794921875,258.92778930664065,256.96323649088544,0.0076452680258208665,1,HOLD
2026-02-02 09:45:00-05:00,AAPL,263.32501220703125,259.52528991699216,257.130903116862,0.009311937114933114,1,HOLD
2026-02-02 10:00:00-05:00,AAPL,264.6549987792969,260.2117889404297,257.33806966145835,0.011167097362437971,1,HOLD
2026-02-02 10:15:00-05:00,AAPL,265.0400085449219,260.95729064941406,257.56690368652346,0.013163131265564053,1,HOLD
2026-02-02 10:30:00-05:00,AAPL,263.95001220703125,261.54279174804685,257.91390431722004,0.014070150426490671,1,HOLD
2026-02-02 10:45:00-05:00,AAPL,262.739990234375,261.9897918701172,258.12890370686847,0.014957209780866487,1,HOLD
2026-02-02 11:00:00-05:00,AAPL,263.2550048828125,262.45029296875,258.2950709025065,0.016087113283752407,1,HOLD
2026-02-02 11:15:00-05:00,AAPL,264.29180908203125,262.8884735107422,258.6381312052409,0.016433548625235272,1,HOLD
2026-02-02 11:30:00-05:00,AAPL,264.69500732421875,263.25897521972655,258.9411315917969,0.016675000998823408,1,HOLD
2026-02-02 11:45:00-05:00,AAPL,264.4649963378906,263.7574737548828,259.2586313883464,0.017352719724102784,1,HOLD
2026-02-02 12:00:00-05:00,AAPL,264.364990234375,264.07818298339845,259.55413106282555,0.017430090216818187,1,HOLD
2026-02-02 12:15:00-05:00,AAPL,264.17999267578125,264.16368103027344,259.8038808186849,0.016781120427647577,1,HOLD
2026-02-02 12:30:00-05:00,AAPL,263.92999267578125,264.0911804199219,260.0412139892578,0.01557432519458776,1,HOLD
2026-02-02 12:45:00-05:00,AAPL,264.1737976074219,264.0045593261719,260.3101735432943,0.014192245092038808,1,HOLD
2026-02-02 13:00:00-05:00,AAPL,264.7900085449219,264.08855895996095,260.6523406982422,0.013183147530974477,1,HOLD
2026-02-02 13:15:00-05:00,AAPL,265.1300048828125,264.3275604248047,260.9830073038737,0.012815214122491796,1,HOLD
2026-02-02 13:30:00-05:00,AAPL,265.4100036621094,264.5430603027344,261.3396738688151,0.012257558856246487,1,HOLD
2026-02-02 13:45:00-05:00,AAPL,266.7049865722656,264.7843780517578,261.7346735636393,0.011651893295585749,1,HOLD
2026-02-02 14:00:00-05:00,AAPL,267.1199951171875,265.02687683105466,262.12333984375,0.01107698760833528,1,HOLD
2026-02-02 14:15:00-05:00,AAPL,267.17999267578125,265.2983764648437,262.4941731770833,0.010682916324655463,1,HOLD
2026-02-02 14:30:00-05:00,AAPL,267.2850036621094,265.5903778076172,262.8654500325521,0.010366245448870017,1,HOLD
2026-02-02 14:45:00-05:00,AAPL,268.0,265.9723785400391,263.22044982910154,0.010454843887411677,1,HOLD
2026-02-02 15:00:00-05:00,AAPL,268.54998779296875,266.4343780517578,263.57911580403646,0.01083265735607116,1,HOLD
2026-02-02 15:15:00-05:00,AAPL,268.9800109863281,266.9149993896484,263.9589497884115,0.011198898933362554,1,HOLD
2026-02-02 15:30:00-05:00,AAPL,269.45001220703125,267.38099975585936,264.3374501546224,0.01151387969981806,1,HOLD
2026-02-02 15:45:00-05:00,AAPL,269.9599914550781,267.86399841308594,264.72711690266925,0.011849490702420204,1,HOLD
2026-02-03 09:30:00-05:00,AAPL,268.2099914550781,268.1439971923828,265.0457834879557,0.011689352924823647,1,HOLD
2026-02-03 09:45:00-05:00,AAPL,270.3606872558594,268.5095672607422,265.3941396077474,0.011738871316448109,1,HOLD
2026-02-03 10:00:00-05:00,AAPL,268.95001220703125,268.69256896972655,265.6594736735026,0.011417229938321937,1,HOLD
2026-02-03 10:15:00-05:00,AAPL,269.885009765625,268.96307067871095,266.0063069661458,0.01111538950443546,1,HOLD
2026-02-03 10:30:00-05:00,AAPL,268.4200134277344,269.0765716552734,266.2483774820964,0.010622390265522773,1,HOLD
2026-02-03 10:45:00-05:00,AAPL,271.07000732421875,269.3835723876953,266.5065439860026,0.010795338675975697,1,HOLD
2026-02-03 11:00:00-05:00,AAPL,270.0849914550781,269.5370727539063,266.687543741862,0.010684897284900805,1,HOLD
2026-02-03 11:15:00-05:00,AAPL,268.8949890136719,269.5285705566406,266.8160430908203,0.010166283235438719,1,HOLD
2026-02-03 11:30:00-05:00,AAPL,269.7349853515625,269.55706787109375,267.0088755289714,0.009543474302395948,1,HOLD
2026-02-03 11:45:00-05:00,AAPL,268.9599914550781,269.4570678710937,267.21620890299477,0.008385939525518986,1,HOLD
2026-02-03 12:00:00-05:00,AAPL,268.9200134277344,269.5280700683594,267.40504252115886,0.007939369905608822,1,HOLD
2026-02-03 12:15:00-05:00,AAPL,268.8999938964844,269.3820007324219,267.55864868164065,0.006814775226910291,1,HOLD
2026-02-03 12:30:00-05:00,AAPL,269.44000244140625,269.4309997558594,267.71681518554686,0.006402976851209212,1,HOLD
2026-02-03 12:45:00-05:00,AAPL,269.6300048828125,269.40549926757814,267.88898213704425,0.005660991050979761,1,HOLD
2026-02-03 13:00:00-05:00,AAPL,269.385009765625,269.5019989013672,268.0563161214193,0.005393205431104494,1,HOLD
2026-02-03 13:15:00-05:00,AAPL,269.3399963378906,269.32899780273436,268.2283162434896,0.00410352484278957,1,HOLD
2026-02-03 13:30:00-05:00,AAPL,269.5249938964844,269.272998046875,268.41481628417966,0.0031972220258763154,1,HOLD
2026-02-03 13:45:00-05:00,AAPL,270.25,269.4084991455078,268.6173563639323,0.002945240740526214,1,HOLD
2026-02-03 14:00:00-05:00,AAPL,270.8399963378906,269.5190002441406,268.8190226236979,0.002603899134856153,1,HOLD
2026-02-03 14:15:00-05:00,AAPL,271.4800109863281,269.7710021972656,269.0306894938151,0.0027517778913752245,1,HOLD
2026-02-03 14:30:00-05:00,AAPL,270.95001220703125,269.9740020751953,269.2153564453125,0.002817987948012494,1,HOLD
2026-02-03 14:45:00-05:00,AAPL,270.0,270.08400268554686,269.325190226237,0.0028174581763868883,1,HOLD
2026-02-03 15:00:00-05:00,AAPL,269.8299865722656,270.1230010986328,269.4155232747396,0.0026259727549988103,1,HOLD
2026-02-03 15:15:00-05:00,AAPL,269.2099914550781,270.08099975585935,269.4831899007161,0.0022183567567367465,1,HOLD
2026-02-03 15:30:00-05:00,AAPL,269.4100036621094,270.0834991455078,269.55402323404945,0.0019642664023553193,0,SELL
2026-02-03 15:45:00-05:00,AAPL,269.4599914550781,270.0954986572266,269.6026896158854,0.0018279084754061145,0,HOLD
2026-02-04 09:30:00-05:00,AAPL,276.5799865722656,270.8009979248047,269.870356241862,0.0034484768757211057,0,HOLD
2026-02-04 09:45:00-05:00,AAPL,277.4700012207031,271.522998046875,270.1533559163411,0.00506986902268207,0,HOLD
2026-02-04 10:00:00-05:00,AAPL,274.8999938964844,271.9289978027344,270.33502197265625,0.0058962979285730995,0,HOLD
2026-02-04 10:15:00-05:00,AAPL,276.1000061035156,272.3909973144531,270.53968912760416,0.006843018829580091,0,HOLD
2026-02-04 10:30:00-05:00,AAPL,275.82000732421875,272.87799682617185,270.79335632324216,0.007698270486522874,0,HOLD
2026-02-04 10:45:00-05:00,AAPL,277.1099853515625,273.5889953613281,271.01833292643227,0.009485197577366995,0,HOLD
2026-02-04 11:00:00-05:00,AAPL,276.6499938964844,274.27099609375,271.2749989827474,0.011044132788636241,0,HOLD
2026-02-04 11:15:00-05:00,AAPL,277.21380615234375,275.0713775634766,271.519292195638,0.01308225776192428,0,HOLD
2026-02-04 11:30:00-05:00,AAPL,275.5199890136719,275.6823760986328,271.7559580485026,0.014448323703097772,0,HOLD
2026-02-04 11:45:00-05:00,AAPL,274.9649963378906,276.2328765869141,271.885791015625,0.0159886456554078,0,HOLD
2026-02-04 12:00:00-05:00,AAPL,276.489990234375,276.223876953125,272.0992909749349,0.015158385615088053,1,BUY
2026-02-04 12:15:00-05:00,AAPL,275.25,276.0018768310547,272.3111246744792,0.01355343877701449,1,HOLD
2026-02-04 12:30:00-05:00,AAPL,274.8500061035156,275.9968780517578,272.48162536621095,0.012900879759588917,1,HOLD
2026-02-04 12:45:00-05:00,AAPL,274.0849914550781,275.7953765869141,272.6524586995443,0.011527194371766835,1,HOLD
2026-02-04 13:00:00-05:00,AAPL,275.1000061035156,275.72337646484374,272.85845845540365,0.010499648886304674,1,HOLD
2026-02-04 13:15:00-05:00,AAPL,275.6000061035156,275.57237854003904,273.081792195638,0.009120294415735933,1,HOLD
2026-02-04 13:30:00-05:00,AAPL,275.260009765625,275.4333801269531,273.2757924397786,0.00789527556726402,1,HOLD
2026-02-04 13:45:00-05:00,AAPL,275.389892578125,275.25098876953126,273.46778869628906,0.006520695112734485,1,HOLD
2026-02-04 14:00:00-05:00,AAPL,275.15728759765625,275.2147186279297,273.6601979573568,0.005680477768327664,1,HOLD
2026-02-04 14:15:00-05:00,AAPL,274.9100036621094,275.20921936035154,273.8458648681641,0.004978546938599222,1,HOLD
2026-02-04 14:30:00-05:00,AAPL,275.3450012207031,275.0947204589844,274.0398651123047,0.0038492769883950845,1,HOLD
2026-02-04 14:45:00-05:00,AAPL,275.1449890136719,275.08421936035154,274.2030314127604,0.003213633135458138,1,HOLD
2026-02-04 15:00:00-05:00,AAPL,275.68499755859375,275.1677185058594,274.3645314534505,0.0029274449148145236,1,HOLD
2026-02-04 15:15:00-05:00,AAPL,277.6099853515625,275.5202178955078,274.56886393229166,0.003464901116576541,1,HOLD
2026-02-04 15:30:00-05:00,AAPL,276.92999267578125,275.7032165527344,274.76819661458336,0.003402940914091907,1,HOLD
2026-02-04 15:45:00-05:00,AAPL,276.4599914550781,275.7892150878906,274.98352966308596,0.002929940661507265,1,HOLD
2026-02-05 09:30:00-05:00,AAPL,273.6600036621094,275.62921447753905,275.11119689941404,0.001882938913294789,0,SELL
2026-02-05 09:45:00-05:00,AAPL,274.364990234375,275.52672424316404,275.2830301920573,0.0008852490868642015,0,HOLD
2026-02-05 10:00:00-05:00,AAPL,274.5299987792969,275.4639953613281,275.4536966959635,3.738800926659714e-05,0,HOLD
2026-02-05 10:15:00-05:00,AAPL,276.7850036621094,275.6514953613281,275.69786376953124,-0.00016818559117272628,0,HOLD
2026-02-05 10:30:00-05:00,AAPL,275.9800109863281,275.7149963378906,275.67786458333336,0.00013469254999267725,0,HOLD
2026-02-05 10:45:00-05:00,AAPL,274.45001220703125,275.64549865722654,275.5771982828776,0.0002478447954857318,0,HOLD
2026-02-05 11:00:00-05:00,AAPL,273.3399963378906,275.41099853515624,275.5251983642578,-0.00041448052584494783,0,HOLD
2026-02-05 11:15:00-05:00,AAPL,275.2200012207031,275.1720001220703,275.49586486816406,-0.001175570262184312,0,HOLD
2026-02-05 11:30:00-05:00,AAPL,274.6650085449219,274.94550170898435,275.4573649088542,-0.0018582302202709007,0,HOLD
2026-02-05 11:45:00-05:00,AAPL,275.239990234375,274.82350158691406,275.39503173828126,-0.0020753103197240917,0,HOLD
2026-02-05 12:00:00-05:00,AAPL,274.07000732421875,274.864501953125,275.3090321858724,-0.0016146590949740088,0,HOLD
2026-02-05 12:15:00-05:00,AAPL,274.739990234375,274.902001953125,275.22657165527346,-0.0011792818556595156,0,HOLD
2026-02-05 12:30:00-05:00,AAPL,274.44000244140625,274.89300231933595,275.19057210286456,-0.0010813225949375393,0,HOLD
2026-02-05 12:45:00-05:00,AAPL,274.5950012207031,274.6740020751953,275.17823893229166,-0.0018324009160493317,0,HOLD
2026-02-05 13:00:00-05:00,AAPL,274.05999755859375,274.48200073242185,275.0972391764323,-0.002236439907039118,0,HOLD
2026-02-05 13:15:00-05:00,AAPL,274.32000732421875,274.4690002441406,275.0662394205729,-0.0021712558316512964,0,HOLD
2026-02-05 13:30:00-05:00,AAPL,274.5799865722656,274.59299926757814,275.05723876953124,-0.0016877923447129696,0,HOLD
2026-02-05 13:45:00-05:00,AAPL,274.9800109863281,274.5690002441406,275.0870727539062,-0.0018833037284491795,0,HOLD
2026-02-05 14:00:00-05:00,AAPL,276.67999267578125,274.77049865722654,275.1397389729818,-0.0013420101259581903,0,HOLD
2026-02-05 14:15:00-05:00,AAPL,277.0450134277344,274.9510009765625,275.1879058837891,-0.0008608841528327121,0,HOLD
2026-02-05 14:30:00-05:00,AAPL,276.4200134277344,275.1860015869141,275.22657267252606,-0.00014740976940573106,0,HOLD
2026-02-05 14:45:00-05:00,AAPL,276.7099914550781,275.38300170898435,275.27057596842445,0.0004084190261322942,0,HOLD
2026-02-05 15:00:00-05:00,AAPL,276.5801086425781,275.5970123291016,275.31800333658856,0.001013406276130487,0,HOLD
2026-02-05 15:15:00-05:00,AAPL,276.6300048828125,275.8005126953125,275.375336710612,0.0015439871623191632,0,HOLD
2026-02-05 15:30:00-05:00,AAPL,275.45001220703125,275.93951416015625,275.3788370768229,0.002036020956748201,1,BUY
2026-02-05 15:45:00-05:00,AAPL,275.9200134277344,276.0995147705078,275.40467122395836,0.002522991144127759,1,HOLD
2026-02-06 09:30:00-05:00,AAPL,279.1700134277344,276.5585174560547,275.5208384195964,0.003766245204575095,1,HOLD
2026-02-06 09:45:00-05:00,AAPL,280.5249938964844,277.11301574707034,275.6180053710938,0.00542421157849855,1,HOLD
2026-02-06 10:00:00-05:00,AAPL,279.1400146484375,277.35901794433596,275.69167277018227,0.00604786193721419,1,HOLD
2026-02-06 10:15:00-05:00,AAPL,279.2900085449219,277.58351745605466,275.7860066731771,0.006517773706364021,1,HOLD
2026-02-06 10:30:00-05:00,AAPL,279.510009765625,277.89251708984375,275.9810068766276,0.00692623827577623,1,HOLD
2026-02-06 10:45:00-05:00,AAPL,278.81500244140625,278.10301818847654,276.12934061686195,0.007147656120879694,1,HOLD
2026-02-06 11:00:00-05:00,AAPL,278.9949951171875,278.3445068359375,276.278173828125,0.007479175713308533,1,HOLD
2026-02-06 11:15:00-05:00,AAPL,279.114990234375,278.59300537109374,276.3558400472005,0.008095234475635244,1,HOLD
2026-02-06 11:30:00-05:00,AAPL,279.3399963378906,278.9820037841797,276.46783955891925,0.009093875907127541,1,HOLD
2026-02-06 11:45:00-05:00,AAPL,279.0849914550781,279.2985015869141,276.6223388671875,0.009674427346272448,1,HOLD
2026-02-06 12:00:00-05:00,AAPL,279.090087890625,279.29050903320314,276.814008585612,0.00894644190965945,1,HOLD
2026-02-06 12:15:00-05:00,AAPL,278.67999267578125,279.1060089111328,276.92934163411456,0.007860009575634236,1,HOLD
2026-02-06 12:30:00-05:00,AAPL,278.3299865722656,279.02500610351564,277.0515075683594,0.00712321890062013,1,HOLD
2026-02-06 12:45:00-05:00,AAPL,278.2950134277344,278.9255065917969,277.15334167480466,0.006394167597919724,1,HOLD
2026-02-06 13:00:00-05:00,AAPL,278.3399963378906,278.8085052490234,277.29567464192706,0.005455658870445367,1,HOLD
2026-02-06 13:15:00-05:00,AAPL,277.7749938964844,278.7045043945312,277.39684143066404,0.004714051382571495,1,HOLD
2026-02-06 13:30:00-05:00,AAPL,277.6235046386719,278.5673553466797,277.5029581705729,0.0038356246114410724,1,HOLD
2026-02-06 13:45:00-05:00,AAPL,277.4800109863281,278.403857421875,277.5991251627604,0.0028989005590084656,1,HOLD
2026-02-06 14:00:00-05:00,AAPL,277.44000244140625,278.21385803222654,277.7117919921875,0.0018078672008755169,0,SELL
2026-02-06 14:15:00-05:00,AAPL,277.1300048828125,278.018359375,277.805458577474,0.0007663665019981251,0,HOLD
2026-02-06 14:30:00-05:00,AAPL,277.2300109863281,277.8323516845703,277.8937927246094,-0.00022109540280366332,0,HOLD
2026-02-06 14:45:00-05:00,AAPL,278.5799865722656,277.8223510742188,278.0137919108073,-0.0006886019404747544,0,HOLD
2026-02-06 15:00:00-05:00,AAPL,277.8500061035156,277.77435302734375,278.05279235839845,-0.001001390162972369,0,HOLD
2026-02-06 15:15:00-05:00,AAPL,277.6600036621094,277.7108520507812,278.0732920328776,-0.001303397314595424,0,HOLD
2026-02-06 15:30:00-05:00,AAPL,278.1000061035156,277.6868530273438,278.12929178873696,-0.001590766504842868,0,HOLD
2026-02-06 15:45:00-05:00,AAPL,278.0799865722656,277.71735229492185,278.1749582926432,-0.001645029446683574,0,HOLD
